nombre_cotes,cote_a,cote_b,perimetre,surface,forme_cible
4,15.191201482091632,8.303744813958552,46.98989259210037,126.14386052471787,rectangle
0,9.410457180286345,9.410457180286345,59.127646289017804,278.20909178695945,cercle
4,11.052108862348078,11.052108862348078,44.20843544939231,122.14911030519292,carre
3,17.948354956838532,17.948354956838532,53.8450648705156,139.49220380066413,triangle
4,10.318695661473583,10.318695661473583,41.274782645894334,106.47548015411375,carre
4,4.8159378547845115,4.8159378547845115,19.263751419138046,23.19325742114644,carre
3,5.338058794604728,5.338058794604728,16.014176383814185,12.3386413825755,triangle
4,2.930562956547362,1.1608766466480285,8.18287920639078,3.4020220977876336,rectangle
0,3.446059858471141,3.446059858471141,21.652232670407237,37.307444925883885,cercle
4,18.61225962354366,18.61225962354366,74.44903849417464,346.4162082941936,carre
0,10.33923028484456,10.33923028484456,64.96329981328154,335.8352584164587,cercle
4,6.991530002848266,6.991530002848266,27.966120011393063,48.88149178072747,carre
4,3.97127900910136,3.97127900910136,15.88511603640544,15.77105696812908,carre
3,1.6590687365227677,1.6590687365227677,4.977206209568303,1.191871390469212,triangle
0,14.071180150420572,14.071180150420572,88.41183237579958,622.029410394331,cercle
0,4.592842314195689,4.592842314195689,28.85767934674704,66.2693853966154,cercle
3,18.76364828437362,18.76364828437362,56.29094485312086,152.45272918719348,triangle
0,4.22353614475089,4.22353614475089,26.537260249040703,56.040538922242206,cercle
4,18.730014098778884,7.626731464776682,52.71349112711113,142.8487878628678,rectangle
4,7.389086396860793,14.640948361386215,44.06006951649402,108.1832323742602,rectangle
3,12.966007401630598,12.966007401630598,38.898022204891795,72.7969470660811,triangle
4,9.614650548901102,19.259730521271326,57.74876214034485,185.17557862802866,rectangle
4,4.367847050768141,11.228723891193159,31.1931418839226,49.045348532037806,rectangle
4,12.542848034395394,12.542848034395394,50.17139213758158,157.3230368139364,carre
4,7.450862366394595,9.035818883115768,32.97336249902072,67.32464286576491,rectangle
0,5.781435563917879,5.781435563917879,36.32583098961434,105.00772558611327,cercle
4,19.22547085945301,19.22547085945301,76.90188343781205,369.61872976767694,carre
3,2.652747773514836,2.652747773514836,7.958243320544508,3.0471410188156733,triangle
3,6.68148426735257,6.68148426735257,20.04445280205771,19.33065350326248,triangle
0,17.854175468216003,17.854175468216003,112.181092973701,1001.4504590843554,cercle
3,7.3792084781674,7.3792084781674,22.1376254345022,23.578718444475644,triangle
3,5.108294575187425,5.108294575187425,15.324883725562273,11.29932506289293,triangle
3,14.797633269159025,14.797633269159025,44.39289980747708,94.81676984227887,triangle
3,17.55817382572271,17.55817382572271,52.674521477168135,133.49325554442544,triangle
4,1.8255194602652538,1.8255194602652538,7.302077841061015,3.3325212998071434,carre
0,7.6928787575844595,7.6928787575844595,48.335782779568625,185.9206582880801,cercle
4,18.77302047897008,10.41110570144154,58.368252360823234,195.4479005418842,rectangle
4,14.509776255998673,14.509776255998673,58.03910502399469,210.53360699914288,carre
4,12.01204844340031,12.01204844340031,48.04819377360124,144.28930780659582,carre
0,10.253759399439536,10.253759399439536,64.42627040191307,330.30573785222464,cercle
0,10.08035488769515,10.08035488769515,63.33673772152209,319.22839683090547,cercle
4,12.91611539624688,4.326934440868159,34.486099674230076,55.88718455024812,rectangle
0,6.054023560489245,6.054023560489245,38.03855188458507,115.1431446580853,cercle
3,19.25308493586351,19.25308493586351,57.75925480759052,160.50970239776024,triangle
4,3.1879570090041196,7.668274782903974,21.712463583816188,24.446130341128267,rectangle
3,13.146777455592753,13.146777455592753,39.44033236677826,74.84094434972661,triangle
3,4.471609184997252,4.471609184997252,13.414827554991756,8.658213986553328,triangle
3,6.961709801338942,6.961709801338942,20.885129404016826,20.98613525636923,triangle
0,18.22303287421642,18.22303287421642,114.49869240752719,1043.256717898581,cercle
4,12.812964894755288,5.881832518659175,37.389594826828926,75.36371357841008,rectangle
4,7.290674717072771,4.065937865535222,22.713225165215988,29.643430397446473,rectangle
0,6.93079077508213,6.93079077508213,43.547442765131855,150.90910729749646,cercle
4,18.105943006524157,18.105943006524157,72.42377202609663,327.82517215550104,carre
0,9.474788901710161,9.474788901710161,59.531854415853495,282.02587675877686,cercle
3,18.54008829947189,18.54008829947189,55.62026489841567,148.84156659123235,triangle
4,15.308200289141874,4.551358860644023,39.7191182995718,69.67311302649927,rectangle
4,14.746566480682477,14.746566480682477,58.986265922729906,217.46122296918796,carre
4,10.643600366800472,11.219032501865112,43.72526573733117,119.41089845199792,rectangle
4,19.43114775405048,19.43114775405048,77.72459101620191,377.56950303974094,carre
0,9.450923943983637,9.450923943983637,59.38190646410974,280.6069408205257,cercle
4,6.855881507945106,6.855881507945106,27.423526031780423,47.00311125098366,carre
3,18.988235751019314,18.988235751019314,56.96470725305794,156.12407067998933,triangle
4,6.334626399109905,15.230280632330603,43.12981406288102,96.47813775941374,rectangle
4,4.533858650609448,4.533858650609448,18.13543460243779,20.55587426370612,carre
4,10.17058413888542,5.666639976119489,31.67444823000982,57.633038661894936,rectangle
4,18.206738731275138,14.399028266609292,65.21153399576886,262.1593456344009,rectangle
3,17.83464041894122,17.83464041894122,53.50392125682366,137.7302548587117,triangle
4,2.4775497973829212,2.6559370738374932,10.266973742440829,6.58021635914787,rectangle
0,12.512544021758483,12.512544021758483,78.61863275295067,491.85955162587925,cercle
4,15.59330008523293,15.59330008523293,62.37320034093172,243.15100754812528,carre
4,16.859293228115625,16.859293228115625,67.4371729124625,284.2357681515854,carre
0,4.023557631152416,4.023557631152416,25.280758190647163,50.859293769648666,cercle
4,8.76535806665325,8.76535806665325,35.061432266613,76.83150203664319,carre
4,4.93711525903583,4.93711525903583,19.74846103614332,24.375107081004426,carre
3,4.468224394011537,4.468224394011537,13.404673182034612,8.645111252508322,triangle
0,18.232963347468694,18.232963347468694,114.56108741115922,1044.3940539069117,cercle
4,13.625885200798411,9.538160441638928,46.328091284874674,129.9658792045687,rectangle
3,17.485520286615444,17.485520286615444,52.456560859846334,132.39078424730994,triangle
0,10.71240807045953,10.71240807045953,67.30804499282334,360.5156221939869,cercle
4,19.969790878395866,13.730476442881036,67.40053464255381,274.19474322507506,rectangle
0,3.990513350280481,3.990513350280481,25.073134850586303,50.02733967732372,cercle
3,18.59160473314075,18.59160473314075,55.774814199422245,149.66987329827344,triangle
4,13.902813718057635,13.902813718057635,55.61125487223054,193.28822927901155,carre
4,8.115198534291789,10.242668967958778,36.715735004501134,83.12129219601506,rectangle
4,19.378336219229126,1.1820040379906247,41.1206805144395,22.905271660668802,rectangle
4,8.58972759604146,8.58972759604146,34.35891038416584,73.7834201741962,carre
4,8.24355587663009,16.480058684417813,49.447229122095806,135.8542846151412,rectangle
0,3.0563240689696416,3.0563240689696416,19.20345048412938,29.345983960955675,cercle
0,6.56342675484102,6.56342675484102,41.23922655076649,135.33532144612545,cercle
4,12.487459163718837,5.949928323655225,36.87477497474812,74.2994869686987,rectangle
4,19.461162718175526,9.11158371253126,57.14549286141357,177.3220132498487,rectangle
4,18.18465680367112,15.135519321066798,66.64035224947584,275.23422439893307,rectangle
0,16.649346788574796,16.649346788574796,104.61093111611079,870.8518350139193,cercle
0,8.703522332147237,8.703522332147237,54.68584363805693,237.97973067807018,cercle
4,3.4371242721958066,17.48652310919656,41.847294762784735,60.10335301493238,rectangle
4,16.065397269841924,1.7724434598072023,35.675681459298254,28.475008320135803,rectangle
3,11.527595868842589,11.527595868842589,34.582787606527766,57.54109489802264,triangle
4,18.264899170625764,18.264899170625764,73.05959668250306,333.6065417131257,carre
4,4.02285814388112,3.1285249617580835,14.302766211278406,12.585612120743875,rectangle
4,11.0044282152305,12.354439082677189,46.71773459581538,135.9535380247593,rectangle
3,13.82281374313307,13.82281374313307,41.46844122939921,82.73581479642174,triangle
3,2.3988240658330726,2.3988240658330726,7.196472197499218,2.4917096284101428,triangle
0,16.859442716165653,16.859442716165653,105.93100276144793,892.9688364613083,cercle
4,19.710987102254137,19.710987102254137,78.84394840901655,388.52301254522894,carre
0,12.620807413559877,12.620807413559877,79.29887170562262,500.4078939546277,cercle
3,19.948175022275947,19.948175022275947,59.84452506682784,172.30860880947185,triangle
3,11.446977470857885,11.446977470857885,34.34093241257365,56.73908033430361,triangle
0,7.123083623748099,7.123083623748099,44.75565436654558,159.39913434423545,cercle
3,5.2700723890494725,5.2700723890494725,15.810217167148418,12.026348850934541,triangle
3,11.28681377592198,11.28681377592198,33.86044132776594,55.162425658496275,triangle
3,14.608424810567573,14.608424810567573,43.825274431702724,92.40754132908997,triangle
4,8.077301987128237,8.077301987128237,32.30920794851295,65.24280739126577,carre
4,2.000409199625224,2.000409199625224,8.001636798500895,4.001636965945228,carre
4,8.157744655102679,18.94813298269687,54.211755275599096,154.57403056377015,rectangle
3,4.3213950119062625,4.3213950119062625,12.964185035718788,8.08627615049871,triangle
0,8.13734894488788,8.13734894488788,51.128471329912834,208.02510611509817,cercle
4,2.5733751718061506,2.5733751718061506,10.293500687224602,6.622259774868335,carre
3,11.894058209101143,11.894058209101143,35.682174627303425,61.25770967425588,triangle
0,13.101975824668374,13.101975824668374,82.32214199657847,539.2913571370441,cercle
4,7.470111978261198,13.421228207345331,41.78268037121306,100.25807759466743,rectangle
4,12.30405191062971,19.38782895947455,63.38376174020852,238.54885395178485,rectangle
4,9.185173515921063,9.185173515921063,36.74069406368425,84.3674125175777,carre
4,5.99268865527078,5.99268865527078,23.97075462108312,35.91231731901111,carre
0,12.537615241295779,12.537615241295779,78.77615987118048,493.83259132583265,cercle
0,1.4639722094892251,1.4639722094892251,9.198408676781934,6.733107337166654,cercle
4,18.54067123398771,11.353950490482324,59.78924344894007,210.50986325100627,rectangle
0,18.27928972215369,18.27928972215369,114.85216460791487,1049.707996042281,cercle
3,5.0598069391161555,5.0598069391161555,15.179420817348467,11.08583802041987,triangle
4,10.822306693846429,10.822306693846429,43.289226775385714,117.12232217567322,carre
0,4.124215943264816,4.124215943264816,25.91321301835729,53.43584313576326,cercle
4,1.2170171031435268,17.852583229314774,38.1392006649166,21.726899125369375,rectangle
4,8.15859360979136,1.6893090084113846,19.69580523640549,13.782385680988103,rectangle
3,4.298336509046628,4.298336509046628,12.895009527139884,8.000211366895096,triangle
3,14.836112797581302,14.836112797581302,44.50833839274391,95.31053101070883,triangle
3,12.285180174973014,12.285180174973014,36.85554052491904,65.35272432772511,triangle
4,11.629930701644795,11.629930701644795,46.51972280657918,135.25528812506022,carre
4,10.16745316489343,3.6512500531136505,27.63740643601416,37.12391390834769,rectangle
4,13.17870626047727,10.109082137117756,46.57557679519005,133.2246240481127,rectangle
4,2.6312152642092714,17.771953127439247,40.806336783297034,46.761834343729845,rectangle
4,10.302424641530038,11.317323066986322,43.23949541703272,116.5958680414762,rectangle
4,16.745167309938104,16.745167309938104,66.98066923975242,280.4006282378197,carre
0,12.30026431578253,12.30026431578253,77.28484002335016,475.31197994508767,cercle
4,10.441524903464028,13.28649828410723,47.45604637514252,138.73130271333773,rectangle
3,17.356046823863505,17.356046823863505,52.06814047159051,130.43743868646453,triangle
4,7.492797819941494,6.016660869301444,27.018917378485874,45.081623444829155,rectangle
3,14.765555152578443,14.765555152578443,44.29666545773533,94.40613029844646,triangle
3,17.808236900986955,17.808236900986955,53.424710702960866,137.3227477518997,triangle
4,14.57820506421035,14.57820506421035,58.3128202568414,212.52406289416828,carre
0,2.723156492381648,2.723156492381648,17.11009686208307,23.296735677630185,cercle
0,12.254768126191458,12.254768126191458,76.99897903337887,471.8023170037679,cercle
4,4.691851658379629,16.5082568951734,42.40021710710606,77.45429249057625,rectangle
3,15.813954366824301,15.813954366824301,47.4418631004729,108.28831562987648,triangle
3,12.748338989240503,12.748338989240503,38.24501696772151,70.37328795771775,triangle
4,11.692303128963792,11.692303128963792,46.769212515855166,136.70995245957647,carre
0,18.660474673317456,18.660474673317456,117.24722029238502,1093.9443923914616,cercle
0,4.963662437779378,4.963662437779378,31.187610898854597,77.40238637136166,cercle
3,14.657566333777803,14.657566333777803,43.97269900133341,93.03028953751674,triangle
4,9.86690008780806,5.825799527565472,31.385399230747066,57.48258187008791,rectangle
3,17.41018926679171,17.41018926679171,52.230567800375134,131.2525110324119,triangle
4,13.320047413650958,9.605499535238183,45.851093897778284,127.94570924117482,rectangle
3,12.509040812373984,12.509040812373984,37.52712243712195,67.75613972834432,triangle
3,12.890951533430444,12.890951533430444,38.67285460029133,71.9565921699923,triangle
0,5.740845508393492,5.740845508393492,36.07079614912591,103.53843402844336,cercle
4,8.246354528972418,8.246354528972418,32.98541811588967,68.00236301750391,carre
4,19.718545294061908,10.15371568068316,59.744521949490135,200.2165025525775,rectangle
4,5.440722145029893,5.440722145029893,21.762888580119572,29.60145745941868,carre
4,13.805921620548876,18.482008518624042,64.57586027834583,255.16116099844015,rectangle
4,4.674562684165586,4.674562684165586,18.698250736662345,21.851536288193373,carre
0,6.663550596008183,6.663550596008183,41.868323198486394,139.4958450015686,cercle
4,17.553555736034305,17.903263680526507,70.91363883312162,314.2659368730407,rectangle
4,10.458753391518755,10.458753391518755,41.83501356607502,109.38552250460506,carre
3,8.889700238145684,8.889700238145684,26.66910071443705,34.21959533984896,triangle
4,12.523142110693755,11.016130792148498,47.078545805684506,137.95657142006502,rectangle
4,19.744006766023375,13.53452818700778,66.55706990606231,267.2258160992157,rectangle
0,2.0837644826746633,2.0837644826746633,13.092678381164117,13.641029096876098,cercle
4,12.355346578129792,12.355346578129792,49.42138631251917,152.65458906570356,carre
3,16.499419358010783,16.499419358010783,49.49825807403235,117.87941119937759,triangle
4,12.26726285078667,12.26726285078667,49.06905140314668,150.4857378502907,carre
3,7.123330720848912,7.123330720848912,21.369992162546737,21.971861479259204,triangle
4,5.216674580324,4.740957788828698,19.915264738305396,24.732033983371746,rectangle
4,10.136628771115827,10.136628771115827,40.54651508446331,102.75124284341317,carre
3,10.767568488313387,10.767568488313387,32.30270546494016,50.20372265230544,triangle
4,8.453325432079277,3.5745811454808116,24.055813155120177,30.21709770612402,rectangle
4,3.835368572605384,3.835368572605384,15.341474290421536,14.71005208772906,carre
3,16.3592960307695,16.3592960307695,49.0778880923085,115.88570271128212,triangle
3,4.511690888802452,4.511690888802452,13.535072666407356,8.814127126273805,triangle
4,6.429872147533853,8.422314322084926,29.704372939237558,54.15440427734933,rectangle
4,10.87878643559539,14.886475847876458,51.5305245669437,161.9467915276968,rectangle
4,18.44529496044256,18.44529496044256,73.78117984177024,340.2289061777277,carre
4,6.337753650924863,6.337753650924863,25.35101460369945,40.16712133981142,carre
3,7.655461146491787,7.655461146491787,22.96638343947536,25.377179371417544,triangle
0,18.225825746620718,18.225825746620718,114.5162405423827,1043.576522641785,cercle
4,2.0226796399000673,2.0226796399000673,8.090718559600269,4.091232925666266,carre
0,17.926032715523856,17.926032715523856,112.63258537420008,1009.5277051259721,cercle
0,14.918749557895842,14.918749557895842,93.7372680236631,699.221412943194,cercle
0,7.882163618756117,7.882163618756117,49.52509463815391,195.1824495861552,cercle
4,7.785444014670102,7.785444014670102,31.141776058680406,60.61313850556251,carre
3,12.194400125151933,12.194400125151933,36.5832003754558,64.39045859501674,triangle
3,13.16845683870404,13.16845683870404,39.50537051611212,75.08797725001871,triangle
4,13.27460075582744,8.708632638809144,43.96646678927317,115.60362140935936,rectangle
4,10.772813499167661,12.790239160240075,47.126105318815476,137.78686108301713,rectangle
3,17.63502159121479,17.63502159121479,52.90506477364437,134.6643463763886,triangle
0,12.443203808282199,12.443203808282199,78.18295534243978,486.42322382990193,cercle
3,12.911843718633522,12.911843718633522,38.73553115590057,72.19001926179911,triangle
0,19.608502568929094,19.608502568929094,123.20385523688846,1207.9215559572476,cercle
0,1.2011156435615713,1.2011156435615713,7.546832163849618,4.5323090856667,cercle
4,6.614939228847538,6.614939228847538,26.45975691539015,43.75742100134606,carre
4,9.858841638196301,9.858841638196301,39.435366552785204,97.19675844703312,carre
4,19.42775173116655,19.42775173116655,77.7110069246662,377.43753732784484,carre
0,5.036716234660748,5.036716234660748,31.646621442053302,79.6975259946764,cercle
4,19.79406874876902,7.649593995416281,54.88732548837061,151.41658944544056,rectangle
0,18.62963420667564,18.62963420667564,117.0534439255146,1090.3314214819777,cercle
0,5.315656059510655,5.315656059510655,33.39925205113748,88.76946827437631,cercle
0,12.52326044103687,12.52326044103687,78.68596600110621,492.70242264321274,cercle
3,14.003135207568597,14.003135207568597,42.00940562270579,84.90850619879241,triangle
4,14.859139955641853,13.753709223251157,57.225698357786015,204.36829025749114,rectangle
4,10.433771101365183,10.433771101365183,41.73508440546073,108.86357939568323,carre
0,12.40709871157039,12.40709871157039,77.95610032926585,483.60451597714314,cercle
0,16.345248767594985,16.345248767594985,102.70022689874804,839.3303785742434,cercle
4,6.306906508438,6.306906508438,25.227626033752,39.7770697061776,carre
3,10.098574946308409,10.098574946308409,30.295724838925224,44.159161859121355,triangle
0,15.280864678051433,15.280864678051433,96.01250442613228,733.5770437682709,cercle
3,12.881366524589948,12.881366524589948,38.64409957376984,71.84962595311805,triangle
4,16.730827629917144,16.730827629917144,66.92331051966858,279.9205931819989,carre
4,17.185794105097546,16.308554945008833,66.98869810021276,280.27546743659224,rectangle
4,17.8389351881323,16.266309686166068,68.21048974859673,290.17364424160513,rectangle
0,18.934753029584396,18.934753029584396,118.97056203055884,1126.339104919741,cercle
0,7.528247945814279,7.528247945814279,47.30137688194518,178.0482466728454,cercle
4,5.780796550835443,14.006554801872984,39.574702705416854,80.96904368775495,rectangle
0,12.571037237317297,12.571037237317297,78.9861564655195,496.468957080308,cercle
4,7.25511579847783,8.73478795081684,31.979807498589338,63.37189805832504,rectangle
0,6.888648017593497,6.888648017593497,43.282652010475246,149.07947748407474,cercle
4,18.723188790460533,1.9933970618469083,41.433171704614885,37.322749523309,rectangle
4,13.187276453998349,13.187276453998349,52.749105815993396,173.90426027417928,carre
4,16.12226594059134,18.69778621787449,69.64010431693166,301.4506819048961,rectangle
0,6.974209549884959,6.974209549884959,43.82025097302873,152.80580640722633,cercle
4,1.1478004967649755,1.1478004967649755,4.591201987059902,1.3174459803739247,carre
3,9.816293908340011,9.816293908340011,29.448881725020033,41.72494204868237,triangle
4,9.753925425072664,9.753925425072664,39.015701700290656,95.13906119787895,carre
3,19.773266068215282,19.773266068215282,59.31979820464585,169.3001942967914,triangle
3,16.336329947533454,16.336329947533454,49.00898984260036,115.5605576010502,triangle
4,9.134009966680122,8.799347675535452,35.86671528443115,80.37332936862438,rectangle
3,15.390478595989881,15.390478595989881,46.17143578796964,102.56634665906155,triangle
3,12.909682015067718,12.909682015067718,38.729046045203155,72.16584914911716,triangle
4,5.203111578305213,5.203111578305213,20.812446313220853,27.072370096293767,carre
0,11.806335352263437,11.806335352263437,74.18139281697655,437.9052002476056,cercle
3,5.190592109847417,5.190592109847417,15.571776329542251,11.666334930711406,triangle
4,3.426267342102408,6.7920929092514255,20.436720502707665,23.271526119493494,rectangle
3,9.855051393997044,9.855051393997044,29.565154181991133,42.05507607827242,triangle
4,19.82608838745674,19.82608838745674,79.30435354982696,393.073780747247,carre
4,2.2437452566916547,2.2437452566916547,8.974981026766619,5.0343927769263,carre
0,8.992221991461896,8.992221991461896,56.49979709565054,254.02935897832194,cercle
4,16.602787111734344,16.602787111734344,66.41114844693737,275.65253987757205,carre
0,8.872415904029001,8.872415904029001,55.74703324738151,247.30543219325057,cercle
4,18.460449804085936,18.460449804085936,73.84179921634374,340.7882069691765,carre
4,19.37371569247086,19.37371569247086,77.49486276988344,375.3408597326916,carre
3,15.67418308463642,15.67418308463642,47.02254925390926,106.38256725658985,triangle
3,7.943315953811795,7.943315953811795,23.829947861435386,27.32148563412099,triangle
4,9.248744159310455,14.105762983909628,46.709014286440166,130.46059301005178,rectangle
4,1.9809616781052122,1.9809616781052122,7.923846712420849,3.924209170121418,carre
0,6.546160527679909,6.546160527679909,41.13073964595737,134.62421217232264,cercle
4,18.456907099667898,16.47287587718899,69.85956595371377,304.0383397296375,rectangle
0,3.222694816593502,3.222694816593502,20.248788721144102,32.62783322696403,cercle
4,16.85064138631994,15.490775072180838,64.68283291700155,261.0294955374637,rectangle
4,2.3523801809481366,2.3523801809481366,9.409520723792546,5.533692515717588,carre
4,12.260034152272361,8.266243736757417,41.052555778059556,101.34443052365343,rectangle
0,2.2180602500988087,2.2180602500988087,13.936483573859913,15.45598012066683,cercle
0,17.265125254974357,17.265125254974357,108.47998132867009,936.4602326483844,cercle
0,15.904926479473312,15.904926479473312,99.93360036759826,794.7182833378587,cercle
4,4.789994633042436,4.789994633042436,19.159978532169745,22.944048584575345,carre
4,1.7683708263133118,1.7683708263133118,7.073483305253247,3.1271353793560253,carre
4,19.695844594050502,5.421092154606994,50.23387349731499,106.77298860716574,rectangle
0,2.863059110646563,2.863059110646563,17.989130937601136,25.751972611756443,cercle
4,9.634756198087167,6.090282704901582,31.4500778059775,58.67838903915359,rectangle
4,14.360698820235575,3.9985779178600622,36.718553476191275,57.42237318763301,rectangle
4,1.279146322636716,3.3420641814743455,9.242421008222124,4.274989107748795,rectangle
3,19.37342047443531,19.37342047443531,58.120261423305934,162.52240663457434,triangle
0,2.579986860913581,2.579986860913581,16.210535537208596,20.91148434718543,cercle
4,10.709656406390808,10.709656406390808,42.83862562556323,114.69674034294768,carre
0,5.035502689680969,5.035502689680969,31.638996514066754,79.65912602269498,cercle
4,7.209194877284067,11.159375376255815,36.737140507079765,80.45011179619337,rectangle
4,7.294237371177919,7.294237371177919,29.176949484711677,53.20589882708856,carre
3,12.801316059300323,12.801316059300323,38.40394817790097,70.95939051007761,triangle
4,7.550593086369067,7.550593086369067,30.202372345476267,57.01145595592435,carre
4,11.469295921483669,11.469295921483669,45.877183685934675,131.5447489345619,carre
0,11.460507412540226,11.460507412540226,72.00849178729548,412.6269269470709,cercle
0,15.929050307784735,15.929050307784735,100.08517485119751,797.1308926340784,cercle
4,8.294144680262932,18.2030349080119,52.994359176549665,150.97860514692735,rectangle
0,19.735437770429833,19.735437770429833,124.00141262992177,1223.6110812016066,cercle
0,7.400325636300926,7.400325636300926,46.4976173063504,172.04875468954725,cercle
4,4.358471318723114,4.358471318723114,17.433885274892457,18.996272236132004,carre
4,13.963918663132896,7.722250602143473,43.37233853055274,107.83287930466048,rectangle
4,15.71975181131801,15.71975181131801,62.87900724527204,247.11059700943588,carre
4,13.443445247772384,13.771441766637324,54.429774028819416,185.13562337267467,rectangle
3,12.18939908244996,12.18939908244996,36.56819724734988,64.33765511176699,triangle
0,17.71378782247937,17.71378782247937,111.29901138069907,985.7635362247099,cercle
0,3.6135853207362207,3.6135853207362207,22.704826193489655,41.02291332133073,cercle
4,15.031421069989326,10.19208942801628,50.44702099601121,153.20158777549938,rectangle
4,19.50045553304852,6.443494208069548,51.887899482236136,125.6510722819159,rectangle
0,9.047344253449767,9.047344253449767,56.84614048227124,257.15330121153744,cercle
3,3.946195814324548,3.946195814324548,11.838587442973644,6.743073588088144,triangle
0,10.28201219458661,10.28201219458661,64.60378794926793,332.1284677554301,cercle
4,2.1860881487784645,16.661989136446714,37.696154570450354,36.424576986261684,rectangle
4,7.897590064598916,7.897590064598916,31.590360258395663,62.3719288284515,carre
3,13.418136175406863,13.418136175406863,40.25440852622059,77.96236878631628,triangle
4,7.620861853965398,18.850320924360183,52.94236555665116,143.65569166746226,rectangle
4,2.990185318050432,2.990185318050432,11.960741272201728,8.941208236284364,carre
4,6.167203097202176,6.167203097202176,24.668812388808703,38.03439404214011,carre
3,6.447783887987852,6.447783887987852,19.343351663963556,18.002034157076466,triangle
0,15.411983061546756,15.411983061546756,96.83634552681124,746.2200585006519,cercle
4,10.379930343425325,10.379930343425325,41.5197213737013,107.7429539343618,carre
4,13.787905982478055,9.364326616498408,46.30446519795292,129.11445497749688,rectangle
4,6.480190172716217,6.480190172716217,25.920760690864867,41.992864674567834,carre
3,4.0759930997180485,4.0759930997180485,12.227979299154146,7.193951676972592,triangle
4,4.373902206434673,4.373902206434673,17.495608825738692,19.1310205114541,carre
3,10.223741994415683,10.223741994415683,30.671225983247048,45.26060952352672,triangle
4,11.383896268568813,19.053153416125877,60.874099369389384,216.89912207830452,rectangle
4,8.51330048290154,10.90814647521611,38.8428939162353,92.86432865501804,rectangle
4,6.5015423709158595,11.884526117703434,36.77213697723859,77.26775011250504,rectangle
4,7.916143462859924,4.142086185318902,24.116459296357654,32.789348478514626,rectangle
0,8.693963557692566,8.693963557692566,54.6257840868487,237.4572880807225,cercle
4,15.427847878045089,15.42664163452014,61.70897902513046,237.99988040649356,rectangle
0,1.577264264903261,1.577264264903261,9.910243654779581,7.815536586584061,cercle
0,19.78280545173011,19.78280545173011,124.29903254910283,1229.491789378585,cercle
3,18.94102591575315,18.94102591575315,56.823077747259454,155.34870332908775,triangle
3,8.085261188668044,8.085261188668044,24.255783566004133,28.30666753682204,triangle
4,9.355761488269861,7.888833278134376,34.489189532808474,73.80604257095128,rectangle
3,4.725571637742651,4.725571637742651,14.176714913227954,9.669618468690505,triangle
4,7.774869187348064,2.368524896297572,20.28678816729127,18.41497123569076,rectangle
3,17.313693227246187,17.313693227246187,51.94107968173856,129.80160795107187,triangle
0,16.075499256024173,16.075499256024173,101.00534073102746,811.85563988805,cercle
3,16.69788167335294,16.69788167335294,50.093645020058815,120.7322778114615,triangle
4,18.844418425214627,18.984015469091137,75.65686778861152,357.74273089030055,rectangle
3,15.642874279797736,15.642874279797736,46.928622839393206,105.95799845950538,triangle
0,18.627353219397037,18.627353219397037,117.03911205975983,1090.0644404108689,cercle
4,8.62176486107483,14.494618544066368,46.2327668102824,124.96919283791502,rectangle
0,11.184771718277513,11.184771718277513,70.27599332443904,393.0104713045226,cercle
0,3.6537401891081025,3.6537401891081025,22.957126672455594,41.93968817479828,cercle
4,12.669259749131516,12.669259749131516,50.677038996526065,160.51014259096397,carre
4,10.139902104257397,5.921376297911802,32.1225568043384,60.042175983295756,rectangle
4,11.990073731437972,11.990073731437972,47.96029492575189,143.7618680853189,carre
0,13.39432919153288,13.39432919153288,84.15905237576601,563.6270259842337,cercle
4,15.406028796901314,14.590090258684764,59.992238111172156,224.77535067468682,rectangle
3,12.99964876532356,12.99964876532356,38.99894629597068,73.17519235722168,triangle
3,16.661097692520066,16.661097692520066,49.9832930775602,120.20093829233353,triangle
4,8.013394678633091,12.958880813652073,41.94455098457033,103.84462655315998,rectangle
0,2.5827515721688243,2.5827515721688243,16.227906730346135,20.95632581040526,cercle
4,3.32064145089704,6.226486359270291,19.094255620334664,20.67592869803793,rectangle
4,19.053087915938868,18.6188790574242,75.34393394672614,354.74713957733627,rectangle
3,10.046770466734738,10.046770466734738,30.140311400204215,43.70726151774827,triangle
0,10.629219284207931,10.629219284207931,66.7853544333252,354.9380886226809,cercle
0,2.9142174445616984,2.9142174445616984,18.310568229596505,26.680488677263675,cercle
4,3.814018041978275,3.814018041978275,15.2560721679131,14.546733624535795,carre
4,14.466605482450467,15.009098641445746,58.95140824779243,217.13070869297889,rectangle
0,15.910065301229887,15.910065301229887,99.96588853695538,795.2319072592142,cercle
3,19.654657008381285,19.654657008381285,58.963971025143856,167.275206548069,triangle
4,6.922507571914889,7.214091596376096,28.27319833658197,49.93960370040109,rectangle
4,1.5355330650502683,19.275162643706384,41.62139141751331,29.597649573632896,rectangle
4,3.676719544279609,3.676719544279609,14.706878177118435,13.518266607287654,carre
4,3.2429173680409384,3.2429173680409384,12.971669472163754,10.516513055941568,carre
0,4.904025272071481,4.904025272071481,30.8128995355169,75.55361901398724,cercle
0,6.6335934879157845,6.6335934879157845,41.68009713707464,138.24441047209783,cercle
3,11.545397944342724,11.545397944342724,34.63619383302817,57.71895364330955,triangle
0,16.91314153201298,16.91314153201298,106.26840237219278,898.6662648509002,cercle
3,8.647651990995401,8.647651990995401,25.942955972986205,32.38150605798248,triangle
0,6.675813094782217,6.675813094782217,41.94537075061271,140.00972766121768,cercle
4,11.066878706675455,3.950705303576433,30.035168020503775,43.72197640049981,rectangle
0,16.708752758269263,16.708752758269263,104.98418983205381,877.0774357154966,cercle
4,6.035509682809574,6.035509682809574,24.142038731238294,36.42737713128812,carre
0,5.61484437306212,5.61484437306212,35.279107666923885,99.04334958514013,cercle
4,12.290494074613427,10.339513496784411,45.26001514279568,127.07772936661436,rectangle
4,1.3076492462909255,12.84190236136968,28.29910321532121,16.79270394378672,rectangle
0,11.854258868691916,11.854258868691916,74.48250515126836,441.46744862590714,cercle
4,11.571321130894717,18.00137203104609,59.14538632388161,208.29965656794073,rectangle
4,4.495795148581333,6.6661935477251895,22.323977392613045,29.969840611367093,rectangle
4,19.221178542362214,13.226719592892053,64.89579627050853,254.2331388247386,rectangle
0,8.511404329695566,8.511404329695566,53.47873062780789,227.58954970607348,cercle
4,2.118392499602532,1.4527232559343175,7.142231511073699,3.0774380493694276,rectangle
4,5.7506342522485445,7.83165731525515,27.16458313500739,45.03699680897914,rectangle
4,11.58045428436648,11.58045428436648,46.32181713746592,134.10692143230196,carre
4,6.991130953320077,6.991130953320077,27.96452381328031,48.87591200647009,carre
3,8.103833409284022,8.103833409284022,24.311500227852065,28.436860355848573,triangle
0,12.058730212040023,12.058730212040023,75.76723649153246,456.82833188161186,cercle
4,10.648031000809148,9.342102209865967,39.98026642135023,99.47499394338047,rectangle
4,14.779220772529941,14.779220772529941,59.116883090119764,218.4253666431805,carre
3,15.123047761640622,15.123047761640622,45.36914328492187,99.03285137542159,triangle
3,5.340535748810562,5.340535748810562,16.021607246431685,12.350094737271181,triangle
4,11.009965871466965,11.009965871466965,44.03986348586786,121.21934849086733,carre
3,4.300363580430743,4.300363580430743,12.90109074129223,8.007758855751574,triangle
4,12.618182157908151,11.29419177866989,47.824747873156085,142.51216918960534,rectangle
4,18.392422421850057,5.571691234581403,47.928227312862916,102.47689879054042,rectangle
4,17.72410556446854,18.327558187212553,72.10332750336218,324.839576049095,rectangle
0,3.219002408247928,3.219002408247928,20.225588635279085,32.55310926259765,cercle
3,9.632091072160105,9.632091072160105,28.896273216480314,40.17369670261404,triangle
3,11.105482498720242,11.105482498720242,33.31644749616073,53.40421062871036,triangle
3,13.708641217753163,13.708641217753163,41.12592365325949,81.37471049457412,triangle
4,18.059691057624242,18.059691057624242,72.23876423049697,326.152441096833,carre
4,1.1375037399419035,7.641955198794582,17.55891787747297,8.692752619097309,rectangle
0,13.967217501532094,13.967217501532094,87.75861578780803,612.8718371708514,cercle
3,5.233441021064061,5.233441021064061,15.700323063192183,11.859743721692274,triangle
3,8.917920786616696,8.917920786616696,26.753762359850086,34.437201903446855,triangle
0,9.312325041386348,9.312325041386348,58.51106387571924,272.4370226640082,cercle
3,16.60415791316408,16.60415791316408,49.81247373949224,119.38076186933354,triangle
3,10.822301983044364,10.822301983044364,32.46690594913309,50.715409025702805,triangle
0,17.06023682098543,17.06023682098543,107.19262933061982,914.3658209222416,cercle
4,6.743197306257262,6.743197306257262,26.972789225029047,45.47070991111519,carre
4,7.960675952542818,10.229770889552618,36.38089368419087,81.43589112048409,rectangle
0,5.336806060045631,5.336806060045631,33.532141423745685,89.47726777827656,cercle
4,12.998792785019786,12.998792785019786,51.995171140079144,168.96861386788245,carre
4,17.304889900737816,17.304889900737816,69.21955960295126,299.4592144766577,carre
3,1.015272336936158,1.015272336936158,3.045817010808474,0.44633993138801903,triangle
3,4.0333596044550255,4.0333596044550255,12.100078813365077,7.044246173853656,triangle
4,18.89918678926939,8.23095562609741,54.260284830733596,155.55836783180274,rectangle
3,16.65017712890395,16.65017712890395,49.95053138671186,120.04341784277531,triangle
0,13.105016236375642,13.105016236375642,82.34124546674535,539.541679382545,cercle
4,13.418034611987187,13.418034611987187,53.67213844794875,180.04365284848612,carre
0,11.500219974774431,11.500219974774431,72.2580131748359,415.4915232253809,cercle
0,11.171614041937163,11.171614041937163,70.19332120578073,392.08634641635285,cercle
0,16.774245119736328,16.774245119736328,105.39569047535618,883.966573298742,cercle
4,18.513412048624176,4.353873282175165,45.73457066159868,80.60505008040458,rectangle
3,13.05100106013162,13.05100106013162,39.15300318039486,73.75445971066728,triangle
0,16.195286025462,16.195286025462,101.75798320075371,823.9998216551819,cercle
4,12.692624725132763,12.692624725132763,50.77049890053105,161.10272241305154,carre
3,12.237942614469835,12.237942614469835,36.713827843409504,64.85111700271287,triangle
4,3.5019544237543343,3.5019544237543343,14.007817695017337,12.263684786052552,carre
4,5.3280667164244555,1.3569402804124207,13.370013993673751,7.229868344241086,rectangle
4,17.931380006346878,17.931380006346878,71.72552002538751,321.53438893201655,carre
4,10.413817302924114,10.413817302924114,41.65526921169646,108.44759081868168,carre
4,5.594067512256678,5.594067512256678,22.37627004902671,31.293591331685615,carre
4,2.196200733021493,2.196200733021493,8.784802932085972,4.823297659724143,carre
0,3.9295901487912896,3.9295901487912896,24.690343086123075,48.51146448075318,cercle
4,4.246116440438119,1.5486817045056853,11.589596289887607,6.5758828465073185,rectangle
4,8.629943590450425,8.629943590450425,34.5197743618017,74.47592637435638,carre
3,4.361629247126425,4.361629247126425,13.084887741379275,8.237551233885549,triangle
4,8.985347311197856,19.531110884063736,57.032916390523184,175.49381466682928,rectangle
4,10.53456743583574,15.896555902033608,52.862246675738696,167.46334014750568,rectangle
4,6.741644946669127,6.741644946669127,26.96657978667651,45.449776586949376,carre
3,8.758978185083746,8.758978185083746,26.276934555251238,33.22060408599854,triangle
0,12.340883619818388,12.340883619818388,77.54005863765613,478.45641976060386,cercle
4,14.754347256602323,19.627902438923627,68.7644993910519,289.59688850259084,rectangle
0,8.984318059916749,8.984318059916749,56.45013522909712,253.58298471175996,cercle
0,7.9430081499003045,7.9430081499003045,49.9073921022613,198.2074111042658,cercle
4,7.944423132773217,7.944423132773217,31.777692531092868,63.11385891254221,carre
3,11.974685826862569,11.974685826862569,35.924057480587706,62.091033946052875,triangle
4,8.807613665485139,8.807613665485139,35.230454661940556,77.57405848044057,carre
3,16.835547076103868,16.835547076103868,50.50664122831161,122.73123460630859,triangle
3,5.618946234023984,5.618946234023984,16.856838702071954,13.671318117322372,triangle
4,16.80655011260324,16.80655011260324,67.22620045041296,282.46012668744396,carre
3,1.5927428825605379,1.5927428825605379,4.778228647681614,1.0984795648870007,triangle
4,13.33786056149731,13.33786056149731,53.35144224598924,177.89852435794535,carre
0,19.63660019752757,19.63660019752757,123.38039784406499,1211.3857723378985,cercle
4,7.918757545550059,7.918757545550059,31.675030182200235,62.70672106520599,carre
0,16.590671054765497,16.590671054765497,104.24226060755223,864.7245278725192,cercle
4,15.503261252740693,15.503261252740693,62.01304501096277,240.3511094707309,carre
4,17.32372319484817,4.062124188580798,42.771694766857934,70.37111502607097,rectangle
4,3.579040334560513,8.397523981966868,23.953128633054764,30.05507704189863,rectangle
0,2.8644458416370258,2.8644458416370258,17.997844025385422,25.776924738473536,cercle
4,19.524922492289445,2.6961605060419176,44.44216599666272,52.64232490724033,rectangle
4,7.164357078598702,17.725995831150666,49.780705819498735,126.99536370811535,rectangle
0,6.352032881651638,6.352032881651638,39.91099967271518,126.7579911303373,cercle
0,3.434939757615828,3.434939757615828,21.58236301609878,37.06705839364757,cercle
0,8.039078152497051,8.039078152497051,50.51101773103789,203.03100955098893,cercle
3,3.208941232253789,3.208941232253789,9.626823696761367,4.45886335452474,triangle
4,3.3510679601001048,3.3510679601001048,13.404271840400419,11.229656473209477,carre
0,6.664728436123961,6.664728436123961,41.875723786196055,139.54516355056668,cercle
0,6.29190362706458,6.29190362706458,39.53319642376212,124.36953098406268,cercle
0,8.37212033937094,8.37212033937094,52.60358350627486,220.2017656983407,cercle
3,8.58697944084039,8.58697944084039,25.76093832252117,31.928718081708162,triangle
0,11.672738259348947,11.672738259348947,73.34197752569432,428.05085354024135,cercle
3,14.825959323043417,14.825959323043417,44.47787796913025,95.18011923553101,triangle
0,11.493126431791028,11.493126431791028,72.21344312978673,414.97911598279507,cercle
3,13.780897472515916,13.780897472515916,41.342692417547745,82.23479977525575,triangle
3,16.574461365758,16.574461365758,49.72338409727401,118.95411859363726,triangle
4,10.225609474355085,10.225609474355085,40.90243789742034,104.56308912202049,carre
4,10.791432116745279,18.88195599313544,59.34677621976144,203.76334633129275,rectangle
0,11.783441252696546,11.783441252696546,74.03754494695676,436.20853068817246,cercle
3,17.474383827676952,17.474383827676952,52.42315148303086,132.2221996127133,triangle
0,16.496456528781877,16.496456528781877,103.65029328216905,854.9312786623971,cercle
0,7.016268144911208,7.016268144911208,44.08451291933827,154.65438183993984,cercle
4,4.992413278449122,4.992413278449122,19.96965311379649,24.924190342835114,carre
4,9.319764449538473,17.315172197159743,53.26987329339643,161.37332628072636,rectangle
4,4.443231744696112,4.443231744696112,17.772926978784447,19.742308337075254,carre
0,11.469813699744279,11.469813699744279,72.06696491432038,413.29733073663107,cercle
0,9.331384517192244,9.331384517192244,58.63081809406539,273.5533540966383,cercle
4,1.0067941693453781,1.0067941693453781,4.0271766773815125,1.0136344994278499,carre
4,14.214625750823906,14.214625750823906,56.858503003295624,202.0555852359861,carre
3,16.246880945612162,16.246880945612162,48.740642836836486,114.29852662552399,triangle
0,2.7365609477277104,2.7365609477277104,17.194319538964194,23.526651686540472,cercle
3,14.099084229938224,14.099084229938224,42.29725268981467,86.07607319639257,triangle
0,14.621705885572393,14.621705885572393,91.87088758612974,671.6545488654365,cercle
4,1.7586682829405205,17.059491260391745,37.63631908666453,30.001986202751965,rectangle
0,11.099593637798097,11.099593637798097,69.74080366067702,387.04729030348847,cercle
4,11.428250493374087,7.691311665613949,38.23912431797607,87.89823633724647,rectangle
3,8.945320807708484,8.945320807708484,26.83596242312545,34.649141354492414,triangle
3,18.823886392730866,18.823886392730866,56.471659178192596,153.43315740711066,triangle
3,11.127424530657525,11.127424530657525,33.38227359197258,53.615449447730036,triangle
4,5.461483963543889,5.461483963543889,21.845935854175558,29.827807084047073,carre
0,14.950626704143083,14.950626704143083,93.93755804059859,702.212681881882,cercle
4,3.8807905654383887,10.130951238291706,28.02348360746019,39.31609998447881,rectangle
3,18.66914665673175,18.66914665673175,56.00743997019525,150.92096405348877,triangle
4,3.330393448703057,5.750739111421913,18.16226512024994,19.15222386187998,rectangle
3,11.820710291031963,11.820710291031963,35.46213087309589,60.50451486782632,triangle
3,7.83495734012333,7.83495734012333,23.504872020369987,26.581158699256857,triangle
4,16.497271464676604,16.497271464676604,65.98908585870642,272.15996577923295,carre
4,16.079826711077793,3.9488682440559724,40.05738991026753,63.497117069298085,rectangle
4,10.030398832793367,2.0770628123239376,24.21492329023461,20.83376840837253,rectangle
4,4.807124835156923,4.807124835156923,19.228499340627693,23.108449180782475,carre
0,7.925444544650252,7.925444544650252,49.79703671581307,197.33182648954448,cercle
4,15.644854149387516,10.773931533127577,52.837571365030186,168.55658745126797,rectangle
4,9.606520813067325,9.606520813067325,38.4260832522693,92.2852421318957,carre
0,3.998922063027239,3.998922063027239,25.125968350969025,50.23839459680708,cercle
0,2.1861112278308354,2.1861112278308354,13.73574194656703,15.013929845988581,cercle
3,13.985236333590425,13.985236333590425,41.95570900077128,84.69158401056315,triangle
4,5.575072376911632,5.575072376911632,22.30028950764653,31.081432007803116,carre
4,7.257242572963313,14.141110165627316,42.796705477181256,102.62546672295484,rectangle
4,12.852447268879212,2.1394847395522234,29.98386401686287,27.497614797666724,rectangle
3,9.363545369275277,9.363545369275277,28.09063610782583,37.96481380598441,triangle
0,2.8833988343776413,2.8833988343776413,18.11692919090034,26.119166255772154,cercle
4,4.050841905998887,18.629030827690823,45.35974546737942,75.46325874495511,rectangle
4,8.694875477401219,8.694875477401219,34.779501909604875,75.60085956751307,carre
4,14.423810949399604,13.459877993281557,55.76737788536232,194.1427355770773,rectangle
0,14.076683178310823,14.076683178310823,88.4464089197846,622.5160383115661,cercle
4,3.7617115130590006,8.371418029937729,24.26625908599346,31.490859583846454,rectangle
3,5.1878594053783536,5.1878594053783536,15.56357821613506,11.654054153187294,triangle
3,3.7776848003560723,3.7776848003560723,11.333054401068217,6.179482028679085,triangle
3,18.66480089543534,18.66480089543534,55.994402686306024,150.85071015694945,triangle
3,5.41284072805299,5.41284072805299,16.23852218415897,12.686771926335705,triangle
0,9.516570286033238,9.516570286033238,59.79437459594587,284.5186842758596,cercle
3,15.07673780970378,15.07673780970378,45.23021342911134,98.4272611934533,triangle
4,17.304346103386592,17.304346103386592,69.21738441354637,299.44039406579077,carre
4,11.657194034656,11.657194034656,46.628776138624,135.89017276161943,carre
4,18.800585463733064,1.5772798976352753,40.75573072273668,29.653785515720134,rectangle
0,18.3109863454708,18.3109863454708,115.05132036582815,1053.3515781235328,cercle
3,5.394088589026939,5.394088589026939,16.182265767080818,12.599020585506231,triangle
3,8.885361236203286,8.885361236203286,26.656083708609856,34.1861987908304,triangle
4,2.702914383017717,18.337352780322856,42.080534326681146,49.56429457640457,rectangle
4,17.38132570892679,16.259548941006074,67.28174929986574,282.61251602386227,rectangle
3,7.078162877914733,7.078162877914733,21.2344886337442,21.694105121234095,triangle
0,2.4498980305975406,2.4498980305975406,15.393163309938672,18.855840238842536,cercle
4,8.638242866191263,18.631996009970496,54.54047775232352,160.94770661603172,rectangle
0,8.849376793923312,8.849376793923312,55.60227424927495,246.02273771544677,cercle
4,10.890524016705266,10.890524016705266,43.56209606682106,118.6035133584342,carre
4,16.368338302140565,16.368338302140565,65.47335320856226,267.9224987733219,carre
4,6.0153813788167465,6.0153813788167465,24.061525515266986,36.18481313261526,carre
4,13.42107823556389,13.42107823556389,53.68431294225556,180.12534100512673,carre
3,15.418188807480012,15.418188807480012,46.254566422440035,102.93601596339805,triangle
3,9.413716798696424,9.413716798696424,28.24115039608927,38.37274731440083,triangle
4,14.697964422254952,11.964825992177742,53.325580828865384,175.85858675149976,rectangle
4,11.095657877345248,12.066882753067283,46.32508126082506,133.89000267407252,rectangle
4,2.648303935231795,9.611630790823657,24.519869452110903,25.45451964733338,rectangle
3,16.795707877704693,16.795707877704693,50.38712363311408,122.15106589849857,triangle
0,11.526075774000587,11.526075774000587,72.42046995263907,417.3619121314253,cercle
0,16.77955745524683,16.77955745524683,105.42906886378258,884.5265592265073,cercle
4,16.484579692544013,16.484579692544013,65.93831877017605,271.7413676398345,carre
0,7.966045978097345,7.966045978097345,50.05214304589827,199.35883640296547,cercle
4,7.758903694115038,7.758903694115038,31.035614776460154,60.20058653455199,carre
4,13.234881685235262,6.02897143869171,38.52770624785394,79.7927236747474,rectangle
4,1.029680271456085,16.297725561118,34.65481166514817,16.78144647988876,rectangle
0,11.513713223169269,11.513713223169269,72.34279375489646,416.46709052837934,cercle
4,13.918244306462228,5.8502668388089285,39.53702229054231,81.42544312053714,rectangle
0,4.9464035606445815,4.9464035606445815,31.079170175622824,76.86505900928981,cercle
4,3.601149338254758,14.318929828356309,35.840158333222135,51.564604675901634,rectangle
3,16.400957747330963,16.400957747330963,49.20287324199289,116.47669940783712,triangle
3,5.987089914314814,5.987089914314814,17.96126974294444,15.521446665471764,triangle
3,6.664403401537975,6.664403401537975,19.993210204613927,19.23194422372541,triangle
4,6.295092595186388,6.295092595186388,25.18037038074555,39.62819078197049,carre
4,11.09560950426278,19.32550358962472,60.842226187775,214.4282413037045,rectangle
3,12.106338312727381,12.106338312727381,36.31901493818214,63.46382567203469,triangle
4,2.9836058118569087,2.9836058118569087,11.934423247427635,8.901903640546323,carre
0,1.8807504272851019,1.8807504272851019,11.817103451189482,11.112511182548435,cercle
4,13.208505790755636,13.208505790755636,52.83402316302254,174.46462522442516,carre
4,2.656332763208501,2.656332763208501,10.625331052834005,7.056103748894912,carre
4,2.6786498564001757,2.6786498564001757,10.714599425600703,7.175165053192682,carre
4,15.699163999647697,15.699163999647697,62.796655998590786,246.46375028783427,carre
0,4.708603201551278,4.708603201551278,29.58502645332575,69.65207513805443,cercle
4,3.112889747111298,3.112889747111298,12.451558988445193,9.690082577670642,carre
3,3.6593759962973844,3.6593759962973844,10.978127988892153,5.798487242879982,triangle
4,6.939212364588029,6.939212364588029,27.756849458352114,48.152668240851376,carre
4,3.4023524812008095,18.71223496151051,44.22917488542264,63.66561905010782,rectangle
4,5.039393505957339,15.097383235124985,40.273553482164644,76.08165503203804,rectangle
4,9.357115459942088,9.357115459942088,37.42846183976835,87.55560973068724,carre
4,1.9559218949469326,4.39298047745555,12.697804744804966,8.59232669992974,rectangle
4,16.11221329174706,16.11221329174706,64.44885316698824,259.60341715875063,carre
0,14.147680534501436,14.147680534501436,88.89249846505005,628.8113350985938,cercle
3,9.674341883346491,9.674341883346491,29.02302565003947,40.52691055606503,triangle
0,12.45658713250638,12.45658713250638,78.26704524856638,487.47013437129334,cercle
4,2.5696571953627165,2.5696571953627165,10.278628781450866,6.603138101679383,carre
4,2.1754452341607298,9.961690006425503,24.274270481172465,21.67111104866493,rectangle
0,12.392255040886422,12.392255040886422,77.86283479571973,482.44805349748225,cercle
0,3.516259569002173,3.516259569002173,22.093310460184078,38.84290715827903,cercle
4,13.56641487732573,10.62336387133157,48.3795574973146,144.12096167127729,rectangle
3,11.45451377955949,11.45451377955949,34.363541338678466,56.81381516903076,triangle
4,4.428837621541683,2.614880480067449,14.087436203218264,11.580881045957696,rectangle
4,14.982726743021438,14.982726743021438,59.93090697208575,224.48210065604977,carre
4,7.400250852293545,3.0718922913015065,20.944286287190103,22.732773546857945,rectangle
0,8.303837434398156,8.303837434398156,52.17454936101833,216.62448805343917,cercle
4,10.35947107328256,11.754954996289916,44.22885213914495,121.77511625180368,rectangle
4,3.735313032003,11.233109700385615,29.936845464777228,41.959181053769704,rectangle
3,13.267730462404884,13.267730462404884,39.80319138721465,76.22438276079251,triangle
3,8.571067690057058,8.571067690057058,25.713203070171176,31.810499305150437,triangle
3,18.507616393012817,18.507616393012817,55.52284917903845,148.32064815337216,triangle
3,5.511614923846368,5.511614923846368,16.534844771539106,13.154016153575501,triangle
3,2.5902401648694218,2.5902401648694218,7.770720494608265,2.905231221733068,triangle
4,1.066703174467758,1.066703174467758,4.266812697871032,1.1378556624195921,carre
4,11.536860898902674,11.536860898902674,46.147443595610696,133.09915940062942,carre
4,14.44532951812176,14.44532951812176,57.78131807248704,208.66754488711985,carre
4,11.385113320730122,11.385113320730122,45.54045328292049,129.62080532586646,carre
4,13.29792965055822,13.29792965055822,53.19171860223288,176.83493299119547,carre
0,8.017661158836656,8.017661158836656,50.37645079114693,201.95065641411247,cercle
4,12.797183036106242,11.024374001029742,47.64311407427196,141.0809319496685,rectangle
4,4.202538670260415,4.202538670260415,16.81015468104166,17.661331275034176,carre
3,8.92248154285737,8.92248154285737,26.767444628572107,34.47243429641624,triangle
3,12.845833851032422,12.845833851032422,38.537501553097265,71.45378470159358,triangle
4,10.53699056295611,10.53699056295611,42.14796225182444,111.02817012382611,carre
4,13.050885222351184,13.221522101777115,52.5448146482566,172.5525674150725,rectangle
4,10.592590454031257,12.917375614264431,47.01993213659138,136.82846962279356,rectangle
4,15.026465099922024,15.026465099922024,60.1058603996881,225.79465339917462,carre
4,12.685653261833986,12.685653261833986,50.742613047335944,160.92579867947924,carre
3,1.731599954949009,1.731599954949009,5.1947998648470275,1.2983619147645182,triangle
3,7.059622511533391,7.059622511533391,21.178867534600172,21.580603952650133,triangle
4,5.509672807978642,14.60706049326648,40.233466602490246,80.48012400424942,rectangle
4,8.166431229109797,8.166431229109797,32.66572491643919,66.69059901977975,carre
3,3.327793209650766,3.327793209650766,9.983379628952298,4.79527257419556,triangle
3,7.159805138774339,7.159805138774339,21.479415416323018,22.197447702402734,triangle
4,14.575378963314938,15.512010411647767,60.17477874992541,226.09343023265313,rectangle
4,15.787118784467499,16.885019841550957,65.3442772520369,266.56581391665554,rectangle
4,5.776076613717443,5.776076613717443,23.10430645486977,33.36306104753356,carre
4,18.520815903677384,18.520815903677384,74.08326361470954,343.02062173790915,carre
0,17.862058573686276,17.862058573686276,112.23062398616676,1002.3349897011354,cercle
4,18.075637492730696,18.075637492730696,72.30254997092278,326.7286707686116,carre
0,2.849384260273067,2.849384260273067,17.903209318656508,25.506561420476977,cercle
4,3.888777772859775,18.40545103966944,44.58845762505843,71.57470890252536,rectangle
0,5.2398651224807615,5.2398651224807615,32.92304354917388,86.25615380961574,cercle
4,16.36950664092754,16.36950664092754,65.47802656371016,267.9607476673708,carre
0,16.772270190067037,16.772270190067037,105.38328162627538,883.7584364759089,cercle
3,17.4032572390496,17.4032572390496,52.209771717148804,131.14801303966144,triangle
4,18.917913296019123,12.924604495276116,63.68503558259047,244.50654722697254,rectangle
4,18.46738079087678,17.772776345057157,72.48031427186788,328.2166284752578,rectangle
0,15.47387759191318,15.47387759191318,97.22524033060432,752.2257338600559,cercle
4,12.484437808578589,12.484437808578589,49.937751234314355,155.86118739626656,carre
4,18.375917748118553,3.8096523779493463,44.3711402521358,70.00585874612145,rectangle
0,18.389701267728604,18.389701267728604,115.54590080881418,1062.4272992923468,cercle
3,15.174989670651259,15.174989670651259,45.52496901195378,99.71429987709021,triangle
4,3.837824606204585,11.852986403776265,31.3816220199617,45.48968287742095,rectangle
4,14.525405017715057,12.233754501169575,53.51831903776926,177.70023901678272,rectangle
4,16.039570475663428,10.83696917487243,53.753079301071715,173.82033082295848,rectangle
0,14.285955554986733,14.285955554986733,89.76130604211323,641.1630143375959,cercle
3,12.536112431198628,12.536112431198628,37.60833729359588,68.04972790098277,triangle
4,8.191225618979527,8.191225618979527,32.764902475918106,67.09617714102653,carre
4,14.832655255357508,14.832655255357508,59.330621021430034,220.00766192428472,carre
4,15.34229512328782,12.538429150723715,55.76144854802307,192.36828041283832,rectangle
4,14.601911828005921,14.601911828005921,58.407647312023684,213.2158290328592,carre
4,14.243029664723075,14.243029664723075,56.9721186588923,202.8638940301815,carre
4,19.380053658627762,19.380053658627762,77.52021463451105,375.5864798112913,carre
4,19.681175202551884,11.735260681657733,62.83287176841924,230.9637215233243,rectangle
0,1.5716464911010861,1.5716464911010861,9.874946140966697,7.759962226131259,cercle
4,8.050242467237894,8.050242467237894,32.200969868951574,64.80640378132045,carre
4,9.40075214304761,14.097196657239257,46.995897600573734,132.52425168650555,rectangle
3,14.883431763964783,14.883431763964783,44.65029529189435,95.9194759636635,triangle
3,16.632535735403852,16.632535735403852,49.89760720621156,119.78917294772478,triangle
0,19.58190260958303,19.58190260958303,123.03672276315369,1204.6465612751715,cercle
3,13.546484080716645,13.546484080716645,40.639452242149936,79.46096189003339,triangle
4,1.9257979185040859,1.9257979185040859,7.7031916740163435,3.70869762291467,carre
0,10.243793262808426,10.243793262808426,64.36365131866313,329.663968873936,cercle
4,11.793235768466348,11.793235768466348,47.17294307386539,139.08040989063403,carre
4,13.485406340433249,11.147947391640592,49.266707464147686,150.33460043804635,rectangle
0,5.091048956194412,5.091048956194412,31.9880039996927,81.4262471866891,cercle
4,9.653972193085142,10.498843588685123,40.30563156354053,101.3555440647164,rectangle
0,2.652695829542478,2.652695829542478,16.66737946059786,22.10674399226495,cercle
0,4.431948817981562,4.431948817981562,27.846755695313682,61.7076979942334,cercle
3,13.227246115439293,13.227246115439293,39.68173834631788,75.75991955627708,triangle
4,4.03573615379276,7.3689995232705465,22.809471354126615,29.739337793344557,rectangle
3,13.576481353813275,13.576481353813275,40.72944406143982,79.81326752005936,triangle
3,2.6498844992790747,2.6498844992790747,7.9496534978372235,3.0405666344347164,triangle
0,1.9516231553058467,1.9516231553058467,12.26240993456916,11.965801584078813,cercle
0,2.5555219021933686,2.5555219021933686,16.056817668037002,20.516774615097006,cercle
4,16.10451749114228,16.10451749114228,64.41806996456911,259.35548362250756,carre
0,16.908009863771568,16.908009863771568,106.23615914969703,898.1210133961417,cercle
3,12.189613589039148,12.189613589039148,36.56884076711744,64.33991953387563,triangle
4,8.335243648753746,10.282789099688415,37.23606549688432,85.70955253465212,rectangle
4,12.35313753426243,12.35313753426243,49.41255013704972,152.60000694040326,carre
4,10.125910375509026,10.125910375509026,40.5036415020361,102.53406093284134,carre
3,16.3908256070638,16.3908256070638,49.172476821191395,116.33283052689613,triangle
4,8.478268059056541,8.863263064381478,34.683062246876034,75.14512013776108,rectangle
4,16.869352458925103,8.917797855318012,51.57430062848623,150.43747517880593,rectangle
4,8.163592222545919,4.0660183752890555,24.459221195669947,33.19331598523853,rectangle
4,14.321380962216073,9.333278129139975,47.3093181827121,133.6654317137329,rectangle
4,19.339760662829303,1.47861258895307,41.636746503564744,28.596013583398776,rectangle
4,17.31136519558512,17.31136519558512,69.24546078234049,299.6833649349159,carre
4,1.8653042732492566,18.350779221879204,40.432166990256924,34.22978690002495,rectangle
0,4.95045335666497,4.95045335666497,31.104615794475205,76.990974833767,cercle
0,4.036746432538152,4.036746432538152,25.363625873733326,51.193263131012685,cercle
3,10.380625859117725,10.380625859117725,31.141877577353174,46.6603199900785,triangle
4,16.913330840832295,16.913330840832295,67.65332336332918,286.06076013144883,carre
4,19.11248262061178,19.11248262061178,76.44993048244712,365.2869919231873,carre
4,14.018102492478004,3.168215852079822,34.37263668911565,44.41237453274847,rectangle
0,13.135225731925232,13.135225731925232,82.53105732531984,542.0320339312689,cercle
4,17.218509056198897,17.218509056198897,68.87403622479559,296.47705411840343,carre
3,4.187635410675813,4.187635410675813,12.562906232027437,7.593436458148743,triangle
0,19.532073900954234,19.532073900954234,122.7236397532215,1198.5236005270037,cercle
4,11.836278123333821,3.022913648509057,29.718383543685757,35.78004668657498,rectangle
4,14.92561812169482,15.125031472246388,60.10129918788242,225.75044383336515,rectangle
0,3.700160344281194,3.700160344281194,23.248793109396157,43.01213115789277,cercle
4,18.558966877853884,2.771546867469029,42.66102749064582,51.437046513777396,rectangle
0,4.70635078890666,4.70635078890666,29.57087412729138,69.58545338881865,cercle
4,1.7986698437483997,9.22056621320986,22.03847211391652,16.584754389985953,rectangle
3,5.387005100857659,5.387005100857659,16.161015302572977,12.56595237991269,triangle
3,4.5639622098281905,4.5639622098281905,13.691886629484571,9.019546783089169,triangle
0,16.22344966263119,16.22344966263119,101.93494055201191,826.8681884544341,cercle
0,18.537380229801563,18.537380229801563,116.47379509349052,1079.5595132280148,cercle
3,16.50432889474579,16.50432889474579,49.51298668423737,117.94957359605718,triangle
4,7.837798625168371,7.837798625168371,31.351194500673483,61.4310872886912,carre
3,2.5358020687009977,2.5358020687009977,7.6074062061029935,2.7843981698726306,triangle
0,18.51275619246747,18.51275619246747,116.31907770390951,1076.693363032578,cercle
3,15.269519536829245,15.269519536829245,45.80855861048774,100.96047379213707,triangle
3,12.444029460297884,12.444029460297884,37.33208838089365,67.05369230455022,triangle
4,16.751191947485303,16.650225884858965,66.80283566468853,278.91112976626084,rectangle
0,1.141201643965986,1.141201643965986,7.170381401896273,4.091425521853579,cercle
0,6.222995360951386,6.222995360951386,39.100233018576475,121.6602843433598,cercle
4,13.691408544937932,13.691408544937932,54.76563417975173,187.45466794439943,carre
0,18.66215949050286,18.66215949050286,117.25780631096964,1094.141941440904,cercle
4,10.970457835012306,4.194376761875425,30.329669193775462,46.0142334103098,rectangle
0,12.222432808060221,12.222432808060221,76.79581023759371,469.31581528476613,cercle
4,6.364800800304572,18.66465557235172,50.05891274531258,118.7968147243134,rectangle
4,11.11389742314623,11.11389742314623,44.45558969258492,123.51871593221642,carre
3,13.921485348150647,13.921485348150647,41.76445604445194,83.92121933657513,triangle
0,6.462123628731897,6.462123628731897,40.602720237226286,131.1898989178854,cercle
3,11.276314124537803,11.276314124537803,33.82894237361341,55.0598427942742,triangle
3,14.996977972100787,14.996977972100787,44.99093391630236,97.38860458632898,triangle
3,1.2118794217366458,1.2118794217366458,3.6356382652099373,0.6359448549708655,triangle
0,9.019407632160805,9.019407632160805,56.67060951385619,255.56766398423963,cercle
3,13.09785967709164,13.09785967709164,39.293579031274916,74.28502993580386,triangle
0,14.58276290081368,14.58276290081368,91.62620159647608,668.0815866917833,cercle
3,11.538673396893543,11.538673396893543,34.61602019068063,57.651737110583106,triangle
4,10.104849515155705,10.104849515155705,40.41939806062282,102.10798372394248,carre
3,5.081645950716693,5.081645950716693,15.244937852150079,11.181741373690247,triangle
4,17.75612104144165,16.73566646920586,68.98357502129502,297.1605195364156,rectangle
4,9.358823904936495,9.358823904936495,37.43529561974598,87.58758488361077,carre
0,15.71110840804513,15.71110840804513,98.71580550893482,775.4673609691868,cercle
3,11.607509163119051,11.607509163119051,34.82252748935716,58.34164984499228,triangle
0,7.7886681082005875,7.7886681082005875,48.937645019944156,190.57953752864017,cercle
4,6.50719750654386,6.50719750654386,26.02879002617544,42.34361938917063,carre
0,13.404895125032304,13.404895125032304,84.22544009388623,564.516595659118,cercle
0,17.863080991473613,17.863080991473613,112.23704802658595,1002.4497395714093,cercle
0,11.06893818302278,11.06893818302278,69.54818975764783,384.912306584271,cercle
0,5.02312868875949,5.02312868875949,31.56124837328589,79.26810607845808,cercle
0,5.567961286125549,5.567961286125549,34.98453254392881,97.39626140889749,cercle
3,8.868499102846643,8.868499102846643,26.60549730853993,34.05656866133707,triangle
4,7.5083911421531315,7.5083911421531315,30.033564568612526,56.37593754356361,carre
4,12.971776761677761,12.971776761677761,51.887107046711044,168.2669923548032,carre
4,12.259962216470559,12.259962216470559,49.039848865882234,150.3066735492857,carre
4,1.1592606602147506,1.1592606602147506,4.637042640859002,1.3438852783215394,carre
4,14.709125674131853,17.630655450347838,64.67956224895939,259.3315267364841,rectangle
3,1.824886908461551,1.824886908461551,5.474660725384654,1.4420241950127928,triangle
4,3.6145668786280725,19.646237730900673,46.52160921905749,71.0126401917667,rectangle
0,7.719160457490935,7.719160457490935,48.500915570268695,187.19317481106228,cercle
4,4.743442741071419,4.743442741071419,18.973770964285677,22.50024903782314,carre
4,19.01304289059085,7.726447937884971,53.47898165695164,146.90328603492418,rectangle
3,1.436897618577961,1.436897618577961,4.310692855733883,0.8940303990734306,triangle
4,11.447478016676783,11.447478016676783,45.78991206670713,131.0447529422982,carre
4,7.187880994260542,4.999119441889897,24.37400087230088,35.93307562439876,rectangle
3,10.487938817816113,10.487938817816113,31.463816453448338,47.63003782809639,triangle
0,16.870126233999166,16.870126233999166,105.99812928372845,894.1009107921312,cercle
4,2.196979455169673,2.196979455169673,8.787917820678691,4.826718726437632,carre
4,13.292436355413713,17.21842365384994,61.021720018527304,228.87480055935035,rectangle
4,16.021516532541504,16.021516532541504,64.08606613016602,256.68899200250075,carre
4,3.0849159934904513,19.79954281324664,45.76891761347418,61.07992628838348,rectangle
4,9.987455824830954,9.987455824830954,39.94982329932382,99.74927385294976,carre
3,19.14987323039247,19.14987323039247,57.4496196911774,158.79339818046262,triangle
4,14.805052947655788,14.805052947655788,59.22021179062315,219.18959278289134,carre
0,18.61871960988519,18.61871960988519,116.98486549132706,1089.0542045915763,cercle
4,13.181846369804008,13.181846369804008,52.72738547921603,173.7610737171151,carre
4,17.952900156492973,17.952900156492973,71.81160062597189,322.30662402900543,carre
4,2.0202827311410783,2.0202827311410783,8.081130924564313,4.081542313746854,carre
0,1.530944365879229,1.530944365879229,9.61920714580174,7.363235492045197,cercle
0,9.126498360037484,9.126498360037484,57.34348040178611,261.6725899228713,cercle
4,11.493067120107947,12.13196517570146,47.25006459161881,139.43349006314907,rectangle
4,13.015297627993908,13.015297627993908,52.06119051197563,169.39797234526384,carre
0,14.677713673198419,14.677713673198419,92.22279489442921,676.8098888012685,cercle
0,12.919368317549102,12.919368317549102,81.17478519086598,524.3634739893639,cercle
3,15.700484340328396,15.700484340328396,47.10145302098519,106.73988637213861,triangle
0,14.159983254638789,14.159983254638789,88.96979873545541,629.905430131316,cercle
3,18.44287459934653,18.44287459934653,55.328623798039594,147.28477738680394,triangle
3,12.582859456595402,12.582859456595402,37.74857836978621,68.5581875308829,triangle
0,19.502900298450985,19.502900298450985,122.5403366026156,1194.9459836497178,cercle
4,7.4813997092551645,7.4813997092551645,29.925598837020658,55.97134160964326,carre
3,9.984858160083602,9.984858160083602,29.954574480250805,43.170237288069636,triangle
3,5.446628986073572,5.446628986073572,16.339886958220717,12.845654057447645,triangle
4,3.6751524192785743,3.6751524192785743,14.700609677114297,13.506745304929158,carre
3,12.49924274027683,12.49924274027683,37.497728220830496,67.65003734199797,triangle
4,12.923567675147789,12.923567675147789,51.694270700591154,167.01860145412482,carre
4,19.972478933555646,11.354452892162353,62.653863651436,226.77657119076258,rectangle
3,12.38764094086397,12.38764094086397,37.16292282259191,66.44737877023861,triangle
4,9.640237745161848,9.640237745161848,38.56095098064739,92.93418378324318,carre
0,16.273429009798665,16.273429009798665,102.24897005179702,831.9706777314742,cercle
3,2.7024154006407177,2.7024154006407177,8.107246201922154,3.162312978510757,triangle
0,9.73087020388965,9.73087020388965,61.14086069115107,297.47688976984495,cercle
4,2.6511129061724543,2.6511129061724543,10.604451624689817,7.028399641274157,carre
4,7.886150504946175,7.886150504946175,31.5446020197847,62.19136978666282,carre
0,8.283590796960503,8.283590796960503,52.04733598615027,215.56941669059282,cercle
3,13.802017574470408,13.802017574470408,41.40605272341122,82.4870530472652,triangle
4,16.99590611250504,16.99590611250504,67.98362445002016,288.86082458508616,carre
0,1.9470304100491356,1.9470304100491356,12.233552865052573,11.909549725600545,cercle
0,14.53946287715741,14.53946287715741,91.35413952403847,664.1200601422079,cercle
4,14.534270141532733,1.240226150712426,31.548992584490318,18.025781911047687,rectangle
3,11.605133171248113,11.605133171248113,34.81539951374434,58.31776787401525,triangle
0,1.2295563762503086,1.2295563762503086,7.725530557604914,4.749487678509862,cercle
4,6.511408262050097,2.7507070006070595,18.524230525314312,17.910976290231847,rectangle
3,14.461669354183247,14.461669354183247,43.385008062549744,90.560224732931,triangle
3,11.387692515758152,11.387692515758152,34.163077547274455,56.1528883564364,triangle
4,5.290740488237082,15.84271943766674,42.26691985180764,83.81971717264405,rectangle
0,2.9589991737189902,2.9589991737189902,18.591940132267695,27.50676774460652,cercle
4,3.539377771947346,3.539377771947346,14.157511087789384,12.527195012554959,carre
0,9.828048713503351,9.828048713503351,61.751451274929494,303.4481356297679,cercle
4,7.5224353494285285,2.1243552615475423,19.29358122195214,15.98032511420972,rectangle
4,11.685283044672158,11.685283044672158,46.74113217868863,136.54583983410262,carre
4,7.939782348629947,1.072831616986086,18.025227931232067,8.518049535598252,rectangle
4,8.621841378656896,19.64348944528393,56.53066164788165,169.36305012055897,rectangle
4,14.487446150121242,14.487446150121242,57.94978460048497,209.8860959526628,carre
4,9.297759722193796,9.297759722193796,37.19103888877518,86.44833585164925,carre
4,18.320724175795554,19.66742965651497,75.97630766462105,360.32155398387226,rectangle
3,19.35146425830642,19.35146425830642,58.054392774919265,162.1542367452835,triangle
4,18.899836135752974,5.318719581528058,48.43711143456206,100.52292854290093,rectangle
3,17.682918115191843,17.682918115191843,53.04875434557553,135.39683349739673,triangle
3,6.071963955272148,6.071963955272148,18.215891865816445,15.964635439537206,triangle
0,15.002190769480581,15.002190769480581,94.26154461830559,707.0648372948631,cercle
4,10.365427822709313,7.526597224926876,35.78405009527238,78.01640028558374,rectangle
4,1.399044622688756,1.399044622688756,5.596178490755024,1.9573258562743239,carre
0,1.0054861956686938,1.0054861956686938,6.317656091197436,3.1761579943406297,cercle
3,19.62084623783202,19.62084623783202,58.86253871349606,166.7001938134562,triangle
4,8.640831218036357,8.640831218036357,34.56332487214543,74.66396413859168,carre
0,17.555236502376538,17.555236502376538,110.30280405579501,968.1959060373896,cercle
3,5.037443603238626,5.037443603238626,15.112330809715878,10.98806019932558,triangle
3,7.426163096478147,7.426163096478147,22.27848928943444,23.879740461929636,triangle
3,18.995582548991827,18.995582548991827,56.98674764697548,156.24490696177824,triangle
3,11.545624592190297,11.545624592190297,34.636873776570894,57.721219828516105,triangle
0,15.648978597342898,15.648978597342898,98.3254323951927,769.3462935634284,cercle
4,15.794624093030816,15.794624093030816,63.17849637212326,249.4701502401495,carre
0,15.820847442427844,15.820847442427844,99.40531619739237,786.3381712626231,cercle
4,2.0567717526159934,2.0567717526159934,8.227087010463974,4.230310042359065,carre
3,4.9970573953829165,4.9970573953829165,14.991172186148749,10.812579444970225,triangle
3,15.028594369875643,15.028594369875643,45.08578310962693,97.79966373414668,triangle
4,4.5807271402889,13.957003194672996,37.07546066992379,63.93322333093747,rectangle
3,3.1152849230966106,3.1152849230966106,9.345854769289833,4.202388337713552,triangle
3,11.867611962714804,11.867611962714804,35.60283588814441,60.985601468263,triangle
3,1.10101310607016,1.10101310607016,3.3030393182104802,0.5249109268796907,triangle
0,12.552721901916598,12.552721901916598,78.87107781923376,495.023352984632,cercle
4,19.73947928734878,9.935423341408372,59.349805257514305,196.12008325877215,rectangle
4,3.369568823989868,3.369568823989868,13.478275295959472,11.353994059604462,carre
0,14.770587793631831,14.770587793631831,92.80634020335367,685.4020978896493,cercle
4,15.221403908452755,15.221403908452755,60.88561563381102,231.69113694426082,carre
3,15.514200051717829,15.514200051717829,46.54260015515349,104.22200182852464,triangle
3,2.263482250702321,2.263482250702321,6.790446752106963,2.21847644863647,triangle
3,1.931062099096424,1.931062099096424,5.793186297289272,1.6147047250020112,triangle
3,14.541795019460409,14.541795019460409,43.62538505838123,91.56651242443175,triangle
4,13.431982026354822,13.431982026354822,53.72792810541929,180.418141156319,carre
4,7.352402424594015,1.963757396633123,18.632319642454277,14.438334644319804,rectangle
3,13.219081818256644,13.219081818256644,39.657245454769935,75.66642532402204,triangle
0,12.93569937424397,12.93569937424397,81.27739624634188,525.6899818819919,cercle
4,13.836493354276769,17.1131487107793,61.899284130112136,236.78596840744783,rectangle
3,14.570703060571535,14.570703060571535,43.71210918171461,91.93092954530987,triangle
0,13.776646594239816,13.776646594239816,86.5612234631333,596.2616922083035,cercle
0,3.1495630268561143,3.1495630268561143,19.789288134378403,31.163805117920315,cercle
4,8.564682211175874,8.564682211175874,34.2587288447035,73.35378137843247,carre
4,2.2882638132994244,18.37599382415695,41.328515274912746,42.04912170123205,rectangle
0,11.015942208960025,11.015942208960025,69.21520623207707,381.2353559169054,cercle
0,12.398920822740383,12.398920822740383,77.9047171383254,482.9672097580412,cercle
4,3.8456775191322787,10.174946748796597,28.04124853585775,39.12956397021514,rectangle
0,11.152351999232728,11.152351999232728,70.07229422207396,390.7354452791852,cercle
4,11.437352175574635,12.416823429438287,47.70835121002584,142.0155824644121,rectangle
3,8.726478251045156,8.726478251045156,26.179434753135467,32.97453328152552,triangle
4,16.573963051301376,16.573963051301376,66.2958522052055,274.6962512259032,carre
4,8.792745912718221,9.249713603709807,36.08491903285606,81.33038148283353,rectangle
4,8.582561518704217,8.582561518704217,34.33024607481687,73.66036222234244,carre
0,17.76397005167084,17.76397005167084,111.61431562583641,991.3566800575472,cercle
3,15.955869554295935,15.955869554295935,47.867608662887804,110.24060558205531,triangle
0,9.123587886387128,9.123587886387128,57.32519335650926,261.50571984612384,cercle
0,12.498369819146037,12.498369819146037,78.52957361135516,490.74582636728417,cercle
3,10.31101123178435,10.31101123178435,30.933033695353053,46.03659091179194,triangle
4,7.6999919942241934,7.6999919942241934,30.799967976896774,59.28987671111667,carre
4,17.100020967918173,16.314891545930486,66.82982502769732,278.98498752472227,rectangle
4,13.493622407947225,13.493622407947225,53.9744896317889,182.07784568825545,carre
4,1.9020878577054674,15.857624723334286,35.51942516207951,30.162595438304166,rectangle
4,8.588573875738852,8.588573875738852,34.35429550295541,73.7636012190239,carre
3,12.115062716404397,12.115062716404397,36.34518814921319,63.55532873849106,triangle
4,19.296994628529564,4.785339251756598,48.16466776057233,92.34266583683876,rectangle
3,17.749207148602338,17.749207148602338,53.24762144580701,136.41387698934543,triangle
4,11.830489174102977,11.830489174102977,47.32195669641191,139.96047409856774,carre
3,15.005858757760484,15.005858757760484,45.01757627328145,97.50398028475671,triangle
0,17.262273496172323,17.262273496172323,108.46206319966552,936.1508994558768,cercle
4,9.270220401035314,13.104133470634183,44.748707743339,121.47820543736269,rectangle
4,9.650328433940972,9.650328433940972,38.60131373576389,93.12883888292961,carre
3,12.409773222915371,12.409773222915371,37.229319668746115,66.68502625812692,triangle
0,14.026104559781654,14.026104559781654,88.12861408698468,618.0505779463468,cercle
3,2.835323087537307,2.835323087537307,8.50596926261192,3.481013796878359,triangle
4,15.519221545754915,15.519221545754915,62.07688618301966,240.84623738622358,carre
3,10.290015905544449,10.290015905544449,30.870047716633344,45.84930196922663,triangle
4,1.9145229839942695,1.9145229839942695,7.658091935977078,3.6653982562423217,carre
3,8.755284818467238,8.755284818467238,26.265854455401715,33.1925939690288,triangle
0,9.41299314682151,9.41299314682151,59.14358023669105,278.3590577232305,cercle
3,4.914924208539195,4.914924208539195,14.744772625617586,10.460062662476494,triangle
4,15.803469388334848,15.803469388334848,63.213877553339394,249.74964470803664,carre
4,10.024584638035325,1.319435027964801,22.68803933200025,13.226788112221653,rectangle
0,2.6847149558111676,2.6847149558111676,16.86856156431802,22.643639757373005,cercle
0,10.662107406546573,10.662107406546573,66.99199660038407,357.13793156614895,cercle
4,12.871034106691056,7.329635308933157,40.401338831248424,94.3399860508857,rectangle
4,10.32881918527707,1.7792503334210519,24.216139037396243,18.377554979249982,rectangle
0,3.326568760224994,3.326568760224994,20.901447957568294,34.7650519095576,cercle
4,14.394751311686475,14.394751311686475,57.5790052467459,207.20886532529948,carre
4,18.054014017926278,18.054014017926278,72.21605607170511,325.94742215947855,carre
4,14.765834646878703,14.765834646878703,59.063338587514814,218.02987281896353,carre
4,15.99567624847348,9.920856444084855,51.83306538511667,158.69080778716318,rectangle
4,13.370117927357166,13.370117927357166,53.48047170942866,178.76005339143748,carre
4,9.933554932609587,9.933554932609587,39.73421973043835,98.67551359917225,carre
0,11.445841484350822,11.445841484350822,71.91634304277967,411.57153130092615,cercle
3,17.29033769109953,17.29033769109953,51.87101307329859,129.4516489495511,triangle
0,17.1118238001032,17.1118238001032,107.51675987985438,919.9039253110365,cercle
4,11.581815247499184,11.581815247499184,46.32726098999674,134.1384444272046,carre
4,9.388304372176535,7.632882171575148,34.042373087503364,71.65982106370728,rectangle
4,19.529927209619103,6.434903164105444,51.92966074744909,125.67319039592698,rectangle
4,3.6917841672037293,17.153894774151,41.691357882709454,63.32847713308945,rectangle
4,2.0682343066257687,2.0682343066257687,8.272937226503075,4.277593147103774,carre
3,9.002022018704062,9.002022018704062,27.00606605611219,35.089790699749834,triangle
3,1.694525884345202,1.694525884345202,5.083577653035606,1.2433604546275858,triangle
0,12.861979328739825,12.861979328739825,80.81419953958562,519.7152819734029,cercle
4,6.62948158531875,5.626936559440839,24.51283628951918,37.303672302569886,rectangle
3,4.540902847876689,4.540902847876689,13.622708543630067,8.928634736239392,triangle
3,5.862501627512531,5.862501627512531,17.587504882537594,14.882181219395472,triangle
3,18.59976032240319,18.59976032240319,55.79928096720957,149.8012136273982,triangle
4,12.899881093205893,18.990547681951895,63.780857550315574,244.97580699203627,rectangle
4,10.979883582180458,10.979883582180458,43.91953432872183,120.55784347823595,carre
4,4.808601036458811,16.650269683978987,42.917741440875595,80.06450405970008,rectangle
4,16.751337402729003,16.751337402729003,67.00534961091601,280.6073047800677,carre
4,1.570440229386592,7.298699629060007,17.738279716893196,11.462171519684832,rectangle
0,1.956206067221371,1.956206067221371,12.291205219380881,12.02206511180793,cercle
0,14.353847410619357,14.353847410619357,90.18788315190129,647.2715565245798,cercle
0,4.123228437376409,4.123228437376409,25.907008335868497,53.41025674890033,cercle
4,17.52624985064772,17.52624985064772,70.10499940259088,307.1694338273292,carre
0,14.802372461767426,14.802372461767426,93.00604916317681,688.355090455398,cercle
4,6.222833688945447,6.222833688945447,24.891334755781788,38.7236591202744,carre
4,12.206479015638575,8.993779091513733,42.400516214304616,109.78237575185135,rectangle
4,7.579315027724119,7.579315027724119,30.317260110896477,57.44601628948467,carre
3,16.313003071686452,16.313003071686452,48.93900921505936,115.230772123122,triangle
4,15.698685467051405,15.698685467051405,62.79474186820562,246.448725393411,carre
4,17.17094178538939,17.17094178538939,68.68376714155757,294.8412417972314,carre
4,15.9381231088756,5.43506022835587,42.74636667446294,86.62465902368939,rectangle
4,5.65966258267065,10.33750123013836,31.99432762561802,58.50676891052589,rectangle
4,15.940467198529648,15.784349199733335,63.44963279652596,251.60990066848692,rectangle
3,17.03007554761785,17.03007554761785,51.09022664285355,125.58384772412556,triangle
4,15.498187307993383,2.089324479436743,35.175023574860255,32.380742129486414,rectangle
4,7.826477877240708,7.826477877240708,31.305911508962833,61.25375596293822,carre
0,8.39842164609496,8.39842164609496,52.76883949024285,221.587481907083,cercle
4,9.335948842672236,9.335948842672236,37.343795370688945,87.15994079299307,carre
0,10.218715258034564,10.218715258034564,64.20608156753462,328.05183268638893,cercle
4,2.510175687248719,16.749045029065552,38.51844143262854,42.04304561659436,rectangle
4,5.058688873191789,5.058688873191789,20.234755492767157,25.590333115754415,carre
4,1.0466596871041296,19.087208158755505,40.26773569171927,19.977811319134428,rectangle
0,7.703850253551416,7.703850253551416,48.40471872182599,186.45135229911207,cercle
0,8.932344670975402,8.932344670975402,56.12357679533652,250.65756605195148,cercle
4,18.437706662832397,3.8833308550862,44.642075035837195,71.59971518080546,rectangle
0,18.571346240090275,18.571346240090275,116.68720983028007,1083.5192877740983,cercle
3,5.91013764328029,5.91013764328029,17.73041292984087,15.125015448397724,triangle
4,5.072163471919582,5.072163471919582,20.28865388767833,25.72684228587531,carre
0,18.827522788623885,18.827522788623885,118.29681455607042,1113.6179859380147,cercle
4,2.8603876197503855,2.8603876197503855,11.441550479001542,8.181817335221275,carre
4,14.543915246677345,17.769417794114563,64.62666608158382,258.4369063804025,rectangle
3,4.327556211736719,4.327556211736719,12.982668635210157,8.109350495336,triangle
3,10.161414878664619,10.161414878664619,30.484244635993857,44.710446087292674,triangle
0,5.958096531178658,5.958096531178658,37.4358245834594,111.52312829626108,cercle
3,12.52474781780898,12.52474781780898,37.57424345342694,67.92640285761622,triangle
3,7.697909415386204,7.697909415386204,23.093728246158612,25.659384142431588,triangle
4,17.105941971724793,19.65929266826276,73.53046927997511,336.2907195884575,rectangle
0,7.853468535644699,7.853468535644699,49.34479811355995,193.76390969129147,cercle
3,6.714972095565364,6.714972095565364,20.14491628669609,19.524910894867787,triangle
4,2.107470044354293,12.374603851806242,28.96414779232107,26.079106928432903,rectangle
3,14.250745257493591,14.250745257493591,42.75223577248077,87.93783913837362,triangle
0,5.708152799443381,5.708152799443381,35.865381800598676,102.3625397640965,cercle
4,5.943808979420628,5.627394763284649,23.14240748541055,33.448159524755916,rectangle
4,16.88237179296972,8.55751138749903,50.8797663609375,144.4710888663308,rectangle
4,15.31129738060742,15.31129738060742,61.24518952242968,234.43582747739566,carre
3,6.483205720716202,6.483205720716202,19.449617162148606,18.200371013996293,triangle
0,2.743933060585563,2.743933060585563,17.240639890155524,23.653580890123994,cercle
4,17.832296533670203,11.414387585767171,58.49336823887475,203.5447441796441,rectangle
3,10.722150388913395,10.722150388913395,32.16645116674019,49.78109264755385,triangle
0,18.533310549439996,18.533310549439996,116.44822453763781,1079.08555414348,cercle
3,16.031499759582587,16.031499759582587,48.09449927874776,111.28815480688904,triangle
3,6.7650970941142585,6.7650970941142585,20.295291282342774,19.817492575621174,triangle
4,11.769431068837678,16.04834941260073,55.63556096287681,188.87994218022592,rectangle
4,11.470281892413604,11.470281892413604,45.88112756965442,131.5673666914314,carre
0,19.569037634503793,19.569037634503793,122.9558897407586,1203.064216860402,cercle
0,5.067634578030248,5.067634578030248,31.840887122834875,80.67899028941802,cercle
4,6.716118647658353,18.896344281795756,51.22492585890822,126.91009020354078,rectangle
0,17.271561101626602,17.271561101626602,108.52041894579473,937.1585232982054,cercle
4,12.218255230397926,12.218255230397926,48.8730209215917,149.28576087514628,carre
4,5.249022137208523,13.761869471180024,38.021783216777095,72.23635750359809,rectangle
0,14.327490485381206,14.327490485381206,90.02227770650252,644.8966636561297,cercle
4,18.767857728246312,17.97887938905358,73.49347423459979,337.4250504870576,rectangle
3,16.11196448568422,16.11196448568422,48.335893457052656,112.40810537436835,triangle
4,15.89709574646583,15.89709574646583,63.58838298586332,252.71765317230197,carre
0,16.296822923692513,16.296822923692513,102.39595834785227,834.3644006483713,cercle
0,2.7545872606057182,2.7545872606057182,17.307582203181916,23.837622724385575,cercle
3,3.6768914094017098,3.6768914094017098,11.030674228205129,5.8541284026368565,triangle
3,19.64729545916593,19.64729545916593,58.941886377497795,167.14992590268392,triangle
3,18.407257141374785,18.407257141374785,55.221771424124356,146.71644474344575,triangle
3,13.435413746408877,13.435413746408877,40.30624123922663,78.16327114151977,triangle
3,11.780759476879968,11.780759476879968,35.34227843063991,60.0962280865041,triangle
4,18.77563368807251,7.8205321577669995,53.192331691679016,146.83544704002446,rectangle
4,16.324011095987714,16.324011095987714,65.29604438395086,266.47333826193,carre
4,2.0871353522727754,8.846873097825902,21.868016900197354,18.464621599543403,rectangle
3,3.3774121368233723,3.3774121368233723,10.132236410470117,4.93933810664567,triangle
0,7.214965028163047,7.214965028163047,45.33296225676861,163.53786865281046,cercle
4,5.218138052698702,5.218138052698702,20.872552210794808,27.228964737022203,carre
4,17.795116150442873,17.795116150442873,71.18046460177149,316.66615880775277,carre
0,17.66906909463317,17.66906909463317,111.01803532694004,980.7926684710649,cercle
0,8.163557019297773,8.163557019297773,51.29314151797455,209.36724274044758,cercle
0,17.950953609949426,17.950953609949426,112.78916797189659,1012.3365609841546,cercle
0,16.304298663133117,16.304298663133117,102.44292980406577,835.1300617259348,cercle
4,4.956225539456276,4.956225539456276,19.824902157825104,24.564171597958655,carre
3,1.5049543455653334,1.5049543455653334,4.514863036696,0.980725091466138,triangle
0,4.4170330238417055,4.4170330238417055,27.75303699672922,61.2930404632268,cercle
0,5.857901388410213,5.857901388410213,36.80627993456595,107.80377916545444,cercle
3,1.624445344279494,1.624445344279494,4.873336032838482,1.1426437369879465,triangle
0,5.917639845502723,5.917639845502723,37.18162773044319,110.0137408891598,cercle
3,19.349056806311264,19.349056806311264,58.04717041893379,162.11389310485293,triangle
4,6.303667267338048,6.303667267338048,25.21466906935219,39.73622101730913,carre
4,14.993417951595811,14.993417951595811,59.973671806383244,224.80258187123553,carre
4,19.425261748978546,17.494077949793343,73.83867939754379,339.82704323176966,rectangle
3,19.292940847326683,19.292940847326683,57.87882254198005,161.1749341785596,triangle
4,3.4101511132257296,3.4101511132257296,13.640604452902918,11.629130615034683,carre
4,10.505297732849076,9.400476659890323,39.8115487854788,98.75480614284646,rectangle
4,3.832351367163237,15.3163770872675,38.29745690886147,58.697738670377284,rectangle
3,10.768577654460417,10.768577654460417,32.30573296338125,50.213133555350176,triangle
4,5.651120265993858,5.651120265993858,22.60448106397543,31.93516026072649,carre
0,10.269418424740714,10.269418424740714,64.52465895961018,331.3153607849659,cercle
3,15.608148009500884,15.608148009500884,46.824444028502654,105.4880794584307,triangle
4,19.1643427197127,17.97850906789321,74.28570357521181,344.546309366568,rectangle
0,3.7034754897621154,3.7034754897621154,23.269622782773045,43.08923881600504,cercle
3,9.975900256962444,9.975900256962444,29.92770077088733,43.09281178501421,triangle
4,8.745023540229681,15.175219973339976,47.84048702713932,132.70765589502173,rectangle
3,3.1704968408632888,3.1704968408632888,9.511490522589867,4.352665424419584,triangle
4,17.46201012828219,17.46201012828219,69.84804051312877,304.92179772022985,carre
4,12.64913308556241,12.64913308556241,50.59653234224964,160.0005678162696,carre
0,8.145406301138582,8.145406301138582,51.17909719232196,208.4372703784616,cercle
4,19.127527895245098,19.127527895245098,76.51011158098039,365.86232338337936,carre
4,4.24881916280537,4.24881916280537,16.99527665122148,18.05246427822213,carre
4,15.715034036833556,15.715034036833556,62.860136147334224,246.96229477883716,carre
0,6.126393295245632,6.126393295245632,38.493264338690885,117.9124382783368,cercle
0,5.573253767239052,5.573253767239052,35.01778618349969,97.58150438378064,cercle
0,14.181872254802174,14.181872254802174,89.10733137967085,631.8543952964086,cercle
3,17.94235340697726,17.94235340697726,53.827060220931784,139.39893291845596,triangle
3,13.111868856264401,13.111868856264401,39.3356065687932,74.44402214672317,triangle
4,2.5700723368837317,2.5700723368837317,10.280289347534927,6.605271816815006,carre
0,2.7451562507483565,2.7451562507483565,17.24832542061427,23.674674171670524,cercle
4,15.242959372656191,17.313108520895092,65.11213578710257,263.9030097983916,rectangle
4,1.674721574400028,6.140094754555774,15.629632657911603,10.282949154314998,rectangle
4,10.421170309358843,11.085507420692233,43.01335546010215,115.52396079669502,rectangle
4,6.061246223570081,5.417921460607163,22.95833536835449,32.83935599270446,rectangle
4,7.0578606928595145,14.853283058364179,43.82228750244739,104.83240265754469,rectangle
4,12.746985923043685,12.746985923043685,50.98794369217474,162.48565012227385,carre
0,18.271613928589463,18.271613928589463,114.80393617457119,1048.8265996320954,cercle
4,16.743872367791866,6.576528307382499,46.64080135034873,110.11655060198284,rectangle
4,19.624839040362897,9.995484692952227,59.24064746663025,196.1597782295986,rectangle
4,15.05352801904516,15.05352801904516,60.21411207618064,226.6087058201777,carre
4,13.698879183203537,13.698879183203537,54.79551673281415,187.65929087600722,carre
4,6.364156047582409,6.364156047582409,25.456624190329634,40.502482197979745,carre
4,12.56306376314377,12.56306376314377,50.25225505257508,157.83057111681612,carre
4,15.345484311579058,8.399506750847314,47.489982124852745,128.89449907012985,rectangle
3,11.014952038615062,11.014952038615062,33.044856115845185,52.537071032844956,triangle
0,1.2653827888442188,1.2653827888442188,7.950634546823925,5.030298057970625,cercle
0,15.830290713996417,15.830290713996417,99.46465002256373,787.2771628115471,cercle
0,11.108966622288714,11.108966622288714,69.79969585911289,387.7012457723944,cercle
4,15.382243069923828,15.382243069923828,61.52897227969531,236.6134018622196,carre
3,18.945572909518816,18.945572909518816,56.83671872855645,155.42329848295446,triangle
4,10.649344411558452,6.806307189987136,34.91130320309118,72.48270943703962,rectangle
0,15.011544298258015,15.011544298258015,94.32031457289025,707.9467902182864,cercle
3,9.276174565280227,9.276174565280227,27.82852369584068,37.259623471869496,triangle
0,2.581466716964629,2.581466716964629,16.21983374700528,20.935480486296907,cercle
3,13.310942972321609,13.310942972321609,39.93282891696482,76.72171135430976,triangle
3,7.923774959752261,7.923774959752261,23.77132487925678,27.187226266008434,triangle
0,3.6922271466984093,3.6922271466984093,23.198947358905052,42.8278916066883,cercle
3,1.5954770257242474,1.5954770257242474,4.786431077172742,1.1022541581156808,triangle
4,4.430952030877043,4.430952030877043,17.72380812350817,19.63333589993339,carre
0,19.351955537499624,19.351955537499624,121.59192269841027,1176.5207408893634,cercle
0,15.89027250005848,15.89027250005848,99.84152669944727,793.2545330380407,cercle
4,10.574615225110003,1.6318980932388367,24.41302663669768,17.256694422591387,rectangle
0,5.8672063242170145,5.8672063242170145,36.86474457051149,108.14653124237493,cercle
0,19.475558379605594,19.475558379605594,122.36854225985614,1191.5978443045315,cercle
4,2.6047754503723173,2.6047754503723173,10.41910180148927,6.784855146862308,carre
0,10.186196504233706,10.186196504233706,64.00176021144529,325.9672530653139,cercle
0,6.270524859329756,6.270524859329756,39.398869664445066,123.52579583019788,cercle
4,12.8725897073589,9.707747293817928,45.16067400235366,124.96384789604187,rectangle
4,1.6391505836361633,1.6391505836361633,6.556602334544653,2.6868146358347746,carre
3,13.496224448098875,13.496224448098875,40.48867334429663,78.87242982025735,triangle
4,11.84377331336868,14.631991935176687,52.95153049709073,173.29799560327137,rectangle
4,14.324122024888972,12.994136807684926,54.63651766514779,186.12960124138013,rectangle
4,16.19474458113936,8.75935694630351,49.908203054885746,141.8555484404142,rectangle
3,14.040047777365242,14.040047777365242,42.12014333209572,85.35673754313056,triangle
0,15.51712780701561,15.51712780701561,97.49698944666828,756.4366230216019,cercle
3,16.638881686061104,16.638881686061104,49.91664505818331,119.88059871840547,triangle
4,19.070019780790144,16.288168187238,70.7163759360563,310.6156895234654,rectangle
3,2.7214834708984514,2.7214834708984514,8.164450412695354,3.207096574480374,triangle
4,6.561949032976184,3.9915408765583003,21.106979819068968,26.192287795016647,rectangle
3,13.017359227003144,13.017359227003144,39.052077681009436,73.37471301550089,triangle
4,15.886859074756634,15.886859074756634,63.547436299026536,252.3922912611772,carre
4,10.940186686584978,10.940186686584978,43.76074674633991,119.6876847373312,carre
4,10.77149420461972,10.77149420461972,43.08597681847888,116.02508740015624,carre
0,4.622335343151727,4.622335343151727,29.04298951294784,67.12321844824189,cercle
4,10.720873183000672,10.720873183000672,42.883492732002686,114.93712180598295,carre
0,19.611205136531286,19.611205136531286,123.22083596993821,1208.2545456506655,cercle
3,8.790844498796343,8.790844498796343,26.37253349638903,33.4627656407294,triangle
0,8.016934919796014,8.016934919796014,50.37188769667727,201.91407272576765,cercle
4,12.838734070820454,12.838734070820454,51.354936283281816,164.83309254124595,carre
0,2.56692875064516,2.56692875064516,16.12848901063052,20.700341072925998,cercle
4,14.032905673116485,14.032905673116485,56.13162269246594,196.9224416305848,carre
4,2.490669539244861,2.490669539244861,9.962678156979443,6.203434753722207,carre
3,2.646503160771223,2.646503160771223,7.939509482313669,3.032811862114018,triangle
4,4.900125371778458,2.323549487735448,14.447349719027812,11.385683797435307,rectangle
0,8.676158744647214,8.676158744647214,54.51391314712506,236.48568212818392,cercle
0,4.121745136574564,4.121745136574564,25.89768848206422,53.371835774735644,cercle
0,4.495634915533708,4.495634915533708,28.246907247724938,63.4938912393572,cercle
0,12.285329281899035,12.285329281899035,77.19100043789115,474.1584289893527,cercle
0,3.507145001677151,3.507145001677151,22.0360419446862,38.641797181527124,cercle
3,13.128737751583108,13.128737751583108,39.38621325474932,74.63569523912011,triangle
0,18.792565685975006,18.792565685975006,118.07717260232542,1109.4865110717044,cercle
4,10.586035689696013,12.227127173863135,45.6263257271183,129.43680464496708,rectangle
4,4.533336003693227,16.361469453503002,41.789610914392455,74.17203854689211,rectangle
0,13.98854543385959,13.98854543385959,87.89262313884066,614.7449760393857,cercle
0,11.045839564898387,11.045839564898387,69.4030568596325,383.3075156925105,cercle
3,19.59936971053103,19.59936971053103,58.79810913159309,166.3354611357751,triangle
3,6.024760079036016,6.024760079036016,18.07428023710805,15.71737987621184,triangle
0,7.949245449940953,7.949245449940953,49.946582214233175,198.51882070329742,cercle
0,2.2898028018882433,2.2898028018882433,14.38725532116286,16.471988772940126,cercle
4,8.178499885202331,5.674250947515089,27.70550166543484,46.40686072286138,rectangle
4,7.223964162428146,19.65637626239672,53.76068084964973,141.9969576827572,rectangle
3,5.472282401286958,5.472282401286958,16.416847203860875,12.966944105467928,triangle
4,3.6206601494612656,16.30044453449984,39.84220936792221,59.018369944567254,rectangle
3,6.648373524694803,6.648373524694803,19.945120574084406,19.13953837152598,triangle
0,7.602788792259496,7.602788792259496,47.769730833114494,181.59158709362788,cercle
0,8.621930745678792,8.621930745678792,54.17318858076892,233.53874010799345,cercle
0,7.148767196812653,7.148767196812653,44.917029015460656,160.55069180200363,cercle
4,9.014361052353053,4.851975970340773,27.732674045387654,43.737463213992775,rectangle
3,16.318965572910727,16.318965572910727,48.95689671873218,115.31502260475206,triangle
4,12.117825652039075,12.117825652039075,48.4713026081563,146.84169853321623,carre
0,2.4784652007806205,2.4784652007806205,15.572656133900697,19.298143155797877,cercle
4,17.212812489763444,6.204033913315591,46.83369280615807,106.78887243003457,rectangle
3,5.3219604694457985,5.3219604694457985,15.965881408337395,12.264332741239794,triangle
4,19.66960517007037,19.66960517007037,78.67842068028148,386.893367546459,carre
0,6.1528559974213675,6.1528559974213675,38.659534400189735,118.93327404586255,cercle
0,18.133694581806697,18.133694581806697,113.93736336128991,1033.0526743249818,cercle
0,18.49737548748758,18.49737548748758,116.2224378843658,1074.905036809158,cercle
4,19.517773268803204,5.894456601522839,50.82445974065209,115.04666749132303,rectangle
4,8.717553291561817,8.717553291561817,34.87021316624727,75.99573539122026,carre
3,11.98199644579189,11.98199644579189,35.945989337375664,62.16687100037347,triangle
4,13.985313588219201,17.328342378930266,62.62731193429893,242.3423021333681,rectangle
4,9.492854261876422,9.132713775959152,37.25113607567115,86.69552089061135,rectangle
4,2.1996001243398986,6.225045845057342,16.84929193879448,13.6926116148097,rectangle
3,8.419590370174436,8.419590370174436,25.25877111052331,30.69605479747817,triangle
3,14.68369559213308,14.68369559213308,44.051086776399245,93.36226539959094,triangle
0,17.57623740706975,17.57623740706975,110.43475663160089,970.513750274494,cercle
0,4.848840735025904,4.848840735025904,30.466164863168625,73.86279061427346,cercle
4,9.70579815741312,12.55202281947001,44.51564195376626,121.82739995301945,rectangle
0,13.174926316186056,13.174926316186056,82.7805034530339,545.3135167052535,cercle
4,18.704831544590245,18.704831544590245,74.81932617836098,349.8707231114983,carre
0,6.3623073695407975,6.3623073695407975,39.975556184059144,127.16838785566584,cercle
4,18.974444445605815,12.311381567780982,62.57165202677359,233.60162560651568,rectangle
3,7.7030877206482815,7.7030877206482815,23.109263161944845,25.693917366354174,triangle
0,19.792713116831845,19.792713116831845,124.36128424489851,1230.7236109500282,cercle
4,1.4501742865874578,1.4501742865874578,5.800697146349831,2.1030054614794422,carre
4,19.088021152757463,17.49311751493781,73.16227733539054,333.908997152805,rectangle
0,5.662552314521142,5.662552314521142,35.578865503735,100.73359360310553,cercle
0,5.669510949497,5.669510949497,35.62258789677333,100.98132606508786,cercle
4,18.002688855588126,18.002688855588126,72.0107554223525,324.0968060311169,carre
4,13.3829805816848,13.888323571633487,54.54260830663657,185.86716467132624,rectangle
0,16.76147949381325,16.76147949381325,105.31548168211935,882.6216432979544,cercle
3,5.151580521869529,5.151580521869529,15.454741565608586,11.49162964388828,triangle
4,6.302296645476335,7.584874910460057,27.77434311187278,47.80213170455003,rectangle
4,4.424890431643155,12.961016386834656,34.77181363695562,57.351077394474814,rectangle
0,17.80095724039034,17.80095724039034,111.84671298655265,995.4892776759173,cercle
4,8.685462977447083,8.685462977447083,34.74185190978833,75.43726713260394,carre
4,13.080176614578475,13.080176614578475,52.3207064583139,171.09102026856561,carre
4,9.778047873497549,9.778047873497549,39.112191493990196,95.61022021640994,carre
4,9.572624342355535,9.572624342355535,38.29049736942214,91.63513679985775,carre
0,6.02738196453442,6.02738196453442,37.8711578003219,114.13196675084863,cercle
4,3.1449912108557028,3.1449912108557028,12.579964843422811,9.890969716359619,carre
3,7.688928951411615,7.688928951411615,23.066786854234845,25.599550036945757,triangle
4,14.284525362701952,14.889673076553953,58.34839687851181,212.69191270437534,rectangle
4,4.60616974881109,4.60616974881109,18.42467899524436,21.21679975486242,carre
3,11.001579454970356,11.001579454970356,33.00473836491107,52.409584338598876,triangle
4,1.0488607874693683,5.343051254348484,12.783824083635704,5.6041169461251465,rectangle
4,5.678342876311687,5.678342876311687,22.713371505246748,32.24357782095968,carre
4,2.2241859345686206,13.188569031616042,30.825509932369325,29.333829737207694,rectangle
4,13.732117284343543,13.732117284343543,54.92846913737417,188.57104511096668,carre
0,13.937225620510107,13.937225620510107,87.57017124163599,610.2426171106933,cercle
4,7.068743466214288,5.713052911828985,25.563592756086546,40.38410544262765,rectangle
4,18.52837862372532,18.52837862372532,74.11351449490128,343.30081442412137,carre
4,10.116999624396511,10.116999624396511,40.467998497586045,102.35368140003915,carre
0,4.054686777747504,4.054686777747504,25.476348387158456,51.649306475350166,cercle
3,4.156137282692454,4.156137282692454,12.468411848077361,7.479634995594367,triangle
4,13.173618352303977,13.173618352303977,52.69447340921591,173.54422049216015,carre
3,13.715926444351572,13.715926444351572,41.147779333054714,81.4612239165139,triangle
0,11.596511535279257,11.596511535279257,72.86303089300522,422.4784891230719,cercle
3,7.175174375278818,7.175174375278818,21.525523125836454,22.29284806081409,triangle
4,11.638000210593193,11.638000210593193,46.55200084237277,135.44304890176718,carre
0,15.363193298068909,15.363193298068909,96.52979040178646,741.5029144823611,cercle
0,8.043723557328837,8.043723557328837,50.540205670422864,203.26572147171245,cercle
4,18.348252322909822,18.348252322909822,73.39300929163929,336.65836330516566,carre
0,9.36144319387829,9.36144319387829,58.81968232977241,275.31855740606557,cercle
4,2.113404650600916,2.113404650600916,8.453618602403663,4.466479217181579,carre
4,16.415402778348778,16.415402778348778,65.66161111339511,269.46544837542075,carre
4,7.201360025273787,14.990170557239855,44.383061165027286,107.94961502294318,rectangle
4,9.787395192140137,9.787395192140137,39.14958076856055,95.79310464712786,carre
4,7.928048728324629,6.345841380848222,28.5477802183457,50.31013968958356,rectangle
4,9.195113136034783,9.195113136034783,36.78045254413913,84.55010558447941,carre
0,3.784946251202621,3.784946251202621,23.781518674020763,45.00588497657001,cercle
0,4.835137043586446,4.835137043586446,30.3800620304621,73.44588165497068,cercle
3,2.9597175723858093,2.9597175723858093,8.879152717157428,3.7931601385519684,triangle
0,8.760753756848636,8.760753756848636,55.045439284849714,241.1197695060653,cercle
3,17.80674500458626,17.80674500458626,53.420235013758784,137.29974011418338,triangle
0,16.14863798611398,16.14863798611398,101.4648849253135,819.2598474808007,cercle
3,14.936368754607892,14.936368754607892,44.80910626382368,96.60301704144231,triangle
3,9.561645609883204,9.561645609883204,28.68493682964961,39.5882151823207,triangle
4,12.58688843999076,16.05478402337214,57.2833449267258,202.07977543033113,rectangle
4,13.612090615963538,13.612090615963538,54.44836246385415,185.28901093720262,carre
0,2.5628730561145296,2.5628730561145296,16.103006330345256,20.634980523241783,cercle
4,18.6561595908973,18.6561595908973,74.6246383635892,348.0522906810293,carre
4,14.439559861191226,9.467025816476486,47.81317135533543,136.69968598445496,rectangle
4,11.630349757299184,11.630349757299184,46.521399029196736,135.2650354771092,carre
3,18.669600205773335,18.669600205773335,56.008800617320006,150.92829710318026,triangle
3,11.88770223673142,11.88770223673142,35.663106710194256,61.19225711436131,triangle
3,14.615154927626374,14.615154927626374,43.84546478287912,92.49270544999325,triangle
4,14.135449592817483,15.389799808587293,59.05049880280956,217.54173943783783,rectangle
3,5.351947165939881,5.351947165939881,16.055841497819642,12.402929380814175,triangle
3,1.8246215646971518,1.8246215646971518,5.473864694091455,1.4416048766335727,triangle
3,5.717859547463525,5.717859547463525,17.153578642390574,14.156881683977247,triangle
4,5.343090798121877,5.343090798121877,21.37236319248751,28.548619276974676,carre
3,15.76997433953397,15.76997433953397,47.30992301860191,107.6868341200509,triangle
4,13.55989195574575,13.55989195574575,54.239567822983,183.8706698514983,carre
4,11.842622785010718,11.842622785010718,47.37049114004287,140.24771442805502,carre
4,10.940450050606794,10.940450050606794,43.761800202427175,119.69344730982219,carre
4,5.8081896599318625,5.8081896599318625,23.23275863972745,33.735067125739405,carre
0,1.2083422122431031,1.2083422122431031,7.592238034010743,4.587010850946384,cercle
3,18.125626342431776,18.125626342431776,54.37687902729533,142.26127008072422,triangle
4,19.781370314189154,2.548931995307164,44.660604618992636,50.42136770485606,rectangle
0,13.881206234305942,13.881206234305942,87.21819105732077,605.346848724884,cercle
3,16.847463183317352,16.847463183317352,50.542389549952055,122.90503307101162,triangle
3,13.94931239076533,13.94931239076533,41.84793717229599,84.25704748015366,triangle
3,9.760972555709351,9.760972555709351,29.282917667128054,41.25597159894038,triangle
4,2.2155155777644726,2.2155155777644726,8.86206231105789,4.908509275317045,carre
3,4.071596024161065,4.071596024161065,12.214788072483195,7.178438752281642,triangle
4,3.9414302888926427,5.283745440227315,18.450351458239915,20.82551431691033,rectangle
4,8.904516519288718,8.904516519288718,35.61806607715487,79.29041444228567,carre
4,19.00855984808123,5.488849582974875,48.99481886211221,104.3351257950936,rectangle
4,4.194625956450327,4.194625956450327,16.77850382580131,17.59488691452682,carre
4,7.5150051292926765,6.916834338238006,28.863678935061365,51.98004553032633,rectangle
4,4.987137043611616,4.987137043611616,19.948548174446465,24.871535891763212,carre
4,13.204265718381226,7.192244954178966,40.79302134512038,94.96831348666566,rectangle
4,7.64409143341656,1.5255089333007255,18.33920073343457,11.66112976864451,rectangle
4,10.598494816825184,10.598494816825184,42.393979267300736,112.32809238227028,carre
3,9.039671145300485,9.039671145300485,27.119013435901454,35.383916305207165,triangle
0,6.492350187099773,6.492350187099773,40.79263930464993,132.4200497109188,cercle
4,9.30137882792682,9.30137882792682,37.20551531170728,86.5156481006053,carre
3,19.40164643299391,19.40164643299391,58.20493929898173,162.9963232022293,triangle
4,2.897721480833651,2.897721480833651,11.590885923334604,8.396789780484767,carre
3,16.774119223209837,16.774119223209837,50.32235766962951,121.83724972943757,triangle
4,3.423403748684057,4.265459205092711,15.377725907553536,14.602389032573303,rectangle
0,3.7233964260089305,3.7233964260089305,23.394789716704295,43.554038209203625,cercle
0,7.784933381046151,7.784933381046151,48.91417903716108,190.39681259643154,cercle
4,18.73376855172236,18.73376855172236,74.93507420688944,350.9540841495017,carre
3,15.864794589213696,15.864794589213696,47.59438376764109,108.98570624692918,triangle
4,10.636004370856122,13.66640935666143,48.60482745503511,145.35598965135998,rectangle
3,19.388192320520226,19.388192320520226,58.16457696156068,162.77034129779614,triangle
4,13.649160082802908,13.649160082802908,54.59664033121163,186.29957096598028,carre
3,19.295910930936255,19.295910930936255,57.88773279280876,161.22456268065577,triangle
4,15.80218148380294,14.47080464158397,60.545972250773815,228.67028116296783,rectangle
0,17.367097684301505,17.367097684301505,109.12069299835584,947.5548673405605,cercle
0,10.169343423845957,10.169343423845957,63.895869184372266,324.8895185505088,cercle
4,18.341988813558796,18.341988813558796,73.36795525423518,336.428553636716,carre
3,2.693689760233455,2.693689760233455,8.081069280700365,3.1419248035387195,triangle
3,19.79184151908672,19.79184151908672,59.375524557260164,169.6184325273038,triangle
4,3.5046072937503845,13.821938219954298,34.65309102740937,48.44046549941904,rectangle
0,2.8357004558120584,2.8357004558120584,17.817231439520782,25.26216565717901,cercle
4,1.3879529688513759,1.3879529688513759,5.5518118754055035,1.9264134437433484,carre
4,7.091035128746107,7.091035128746107,28.364140514984427,50.28277919711132,carre
4,10.814467855244562,7.2668960137935095,36.16272773807614,78.58761334857475,rectangle
3,2.0034772406318364,2.0034772406318364,6.010431721895509,1.7380788006575862,triangle
0,9.920978226431387,9.920978226431387,62.335344625162286,309.2137983816659,cercle
4,12.472746577836066,12.472746577836066,49.890986311344264,155.5694071949213,carre
0,12.005150245362701,12.005150245362701,75.43058363214632,452.77774479965666,cercle
3,4.3405914876139216,4.3405914876139216,13.021774462841766,8.15827733517448,triangle
0,13.946007665167482,13.946007665167482,87.6253504555942,611.0119045583518,cercle
4,11.246864985019743,3.7607897124026586,30.015309394844802,42.29709413244393,rectangle
4,6.67177828596737,6.67177828596737,26.68711314386948,44.5126254971057,carre
3,18.83744856166795,18.83744856166795,56.51234568500385,153.65432703944003,triangle
4,14.0624118896041,14.0624118896041,56.2496475584164,197.75142815287876,carre
4,8.257091190354872,12.8437776617947,42.20173770429915,106.05224338208171,rectangle
4,13.665497958106094,13.665497958106094,54.66199183242438,186.74583444300183,carre
4,6.533998814211059,6.533998814211059,26.135995256844236,42.693140504111526,carre
4,2.716441747366069,4.057936553575012,13.548756601882163,11.023148262293951,rectangle
4,3.3494216322030694,19.45122242919142,45.60128812278898,65.15034517712728,rectangle
0,19.27089828189227,19.27089828189227,121.08262494093783,1166.6854744706625,cercle
0,17.664632070841563,17.664632070841563,110.99015668424502,980.3001406561223,cercle
4,3.182341093157154,3.182341093157154,12.729364372628616,10.12729483319667,carre
0,11.830923240030295,11.830923240030295,74.33588307212786,439.731063303106,cercle
4,18.588063959255386,18.588063959255386,74.35225583702154,345.516121753369,carre
4,9.840656453710345,9.840656453710345,39.36262581484138,96.83851943995106,carre
4,11.787162891147085,6.120171374558413,35.814668531410994,72.13945691365558,rectangle
3,9.512006998030419,9.512006998030419,28.536020994091256,39.17824324286529,triangle
0,8.540806300498456,8.540806300498456,53.66346865875874,229.16464561366402,cercle
4,15.26643272472906,15.26643272472906,61.06573089891624,233.06396813867838,carre
4,7.23389353596708,7.23389353596708,28.93557414386832,52.3292156897063,carre
4,6.464216769396641,6.464216769396641,25.856867077586564,41.78609844174875,carre
4,4.078898797640981,1.7704240977685615,11.698645790819086,7.221380723702804,rectangle
3,15.983512627741437,15.983512627741437,47.950537883224314,110.62291366026113,triangle
0,16.41416688128672,16.41416688128672,103.1332521780945,846.4232061305353,cercle
3,9.38716818610207,9.38716818610207,28.16150455830621,38.1566144750618,triangle
4,3.9797667448640994,3.9797667448640994,15.919066979456398,15.83854334352619,carre
4,6.331804221467468,6.331804221467468,25.327216885869873,40.09174469899325,carre
3,19.684373984839798,19.684373984839798,59.0531219545194,167.78141444313377,triangle
3,9.348993519053927,9.348993519053927,28.04698055716178,37.846903553882875,triangle
3,7.655545561920329,7.655545561920329,22.96663668576099,25.37773903392299,triangle
0,16.40282627038663,16.40282627038663,103.0619970183126,845.2540160852433,cercle
3,9.378515504980827,9.378515504980827,28.135546514942483,38.08630469706995,triangle
4,11.304772472205862,12.629348904635457,47.86824275368264,142.77191583900617,rectangle
4,17.147053840878375,2.6072594584720727,39.50862659870089,44.70681831156003,rectangle
4,16.69048772200698,16.69048772200698,66.76195088802793,278.5723803984658,carre
4,3.455236862947581,3.455236862947581,13.820947451790325,11.938661779071841,carre
4,4.17819263570193,4.17819263570193,16.71277054280772,17.457293701033844,carre
4,4.05498725215274,5.320322814834145,18.75062013397377,21.57384119148984,rectangle
3,6.671842468564762,6.671842468564762,20.015527405694286,19.27490307912382,triangle
4,14.318580730019026,14.318580730019026,57.2743229200761,205.02175412207217,carre
4,8.977985583645467,8.977985583645467,35.911942334581866,80.60422514014583,carre
0,1.838218164508636,1.838218164508636,11.549865362631289,10.61558615360898,cercle
4,15.706649732540376,8.578847218925375,48.570993902931505,134.744948376639,rectangle
3,11.537501186528546,11.537501186528546,34.61250355958564,57.64002406025877,triangle
4,15.299533771706871,15.299533771706871,61.198135086827484,234.07573363159906,carre
4,13.31250738361959,13.31250738361959,53.25002953447836,177.2228528389261,carre
3,17.9919174018298,17.9919174018298,53.9757522054894,140.17014846491153,triangle
3,2.5882159891778977,2.5882159891778977,7.764647967533693,2.900692337096642,triangle
4,10.652053865719179,10.652053865719179,42.608215462876714,113.46625155818289,carre
4,3.0346993082340954,3.0346993082340954,12.138797232936382,9.209399891396497,carre
4,8.838564795079312,2.114446479345295,21.906022548849215,18.688672213420723,rectangle
4,17.427519503766074,17.427519503766074,69.7100780150643,303.71843605414693,carre
3,13.425722822933452,13.425722822933452,40.277168468800355,78.050553943292,triangle
4,4.965380494419089,6.2634598556153165,22.457680700068813,31.100461394649297,rectangle
3,15.092467643565147,15.092467643565147,45.277402930695445,98.63275022447753,triangle
3,19.445649031292696,19.445649031292696,58.33694709387809,163.73650729346932,triangle
3,18.93391590849331,18.93391590849331,56.801747725479935,155.2320968573724,triangle
0,15.349979302673251,15.349979302673251,96.44676442006732,740.2279188289182,cercle
0,19.860563511406525,19.860563511406525,124.78760084717649,1239.1760360306978,cercle
0,12.491678782402525,12.491678782402525,78.48753258759854,490.2205227538157,cercle
4,18.70107745702803,17.117202074650052,71.63655906335617,320.1101218456315,rectangle
0,6.863186654414375,6.863186654414375,43.12267354744742,147.97947879675445,cercle
0,13.167669075413356,13.167669075413356,82.7349048644402,544.7129241203777,cercle
0,12.56583099356425,12.56583099356425,78.95344467126475,496.05782104941943,cercle
4,12.093059809952186,12.093059809952186,48.37223923980874,146.24209556708078,carre
4,7.3802342339545275,10.628159611143898,36.01678769019685,78.43830740609704,rectangle
4,18.96689219821297,18.96689219821297,75.86756879285188,359.7429996586321,carre
4,8.415304542048801,8.415304542048801,33.661218168195205,70.81735053542718,carre
3,18.871493487593888,18.871493487593888,56.614480462781664,154.21022794021144,triangle
0,17.971837397398417,17.971837397398417,112.92038467835435,1014.693396145532,cercle
4,13.371459079168083,13.371459079168083,53.485836316672334,178.79591790586656,carre
3,18.652572649460414,18.652572649460414,55.957717948381244,150.6531151928535,triangle
4,9.750500137823863,9.750500137823863,39.00200055129545,95.07225293770317,carre
4,2.4582458074417226,5.4401363312923365,15.796764277468117,13.37319232831078,rectangle
0,8.643680347877888,8.643680347877888,54.30984536174328,234.71847152479376,cercle
0,1.3644557649610802,1.3644557649610802,8.573128414699942,5.848827244594491,cercle
4,1.8601433115028458,12.978813078806914,29.67791278061952,24.14245233978834,rectangle
3,1.6573755867182987,1.6573755867182987,4.972126760154896,1.18943992149921,triangle
4,6.187393673572712,1.2587045118912736,14.892196370927973,7.788100333773495,rectangle
4,7.684705183142461,7.684705183142461,30.738820732569845,59.05469375181661,carre
3,10.721139885959564,10.721139885959564,32.16341965787869,49.771709908288386,triangle
4,4.820655989639821,18.463539848547615,46.56839167637487,89.00637396085457,rectangle
3,17.619109314612352,17.619109314612352,52.857327943837056,134.42143773310542,triangle
0,3.943881377000002,3.943881377000002,24.78013752122561,48.86496144473033,cercle
3,16.30295688403221,16.30295688403221,48.908870652096624,115.08888855965786,triangle
0,12.297863431838161,12.297863431838161,77.26975482462666,475.1264461224382,cercle
3,1.7100444346055972,1.7100444346055972,5.130133303816791,1.2662382458182984,triangle
3,8.38170025035388,8.38170025035388,25.14510075106164,30.420397649329026,triangle
4,15.9443001491724,17.823381703890945,67.53536370612669,284.18134756010505,rectangle
4,3.028754854015236,3.1079242213909675,12.273358150812406,9.413140571449416,rectangle
3,15.311282065567513,15.311282065567513,45.93384619670254,101.51348799941889,triangle
0,15.948783257138958,15.948783257138958,100.20916062864728,799.1070916230592,cercle
4,4.524409485380115,4.524409485380115,18.09763794152046,20.470281191397557,carre
3,15.154526112571997,15.154526112571997,45.46357833771599,99.44555062690928,triangle
4,8.035526634485937,13.481863887098637,43.03478104316915,108.3338763472952,rectangle
3,8.026196769323278,8.026196769323278,24.078590307969833,27.894606626890337,triangle
0,9.582641991860532,9.582641991860532,60.20951536722022,288.48311513374824,cercle
0,16.80346797823626,16.80346797823626,105.57930311051673,887.0492194910339,cercle
4,7.4559671883729965,9.377677977118564,33.66729033098312,69.91965930052407,rectangle
3,5.847347702924499,5.847347702924499,17.5420431087735,14.805343040234435,triangle
3,15.533761226038708,15.533761226038708,46.601283678116125,104.48498541720234,triangle
4,13.932299356519636,4.248669082319218,36.36193687767771,59.193729521660906,rectangle
0,5.084266935962882,5.084266935962882,31.945391309820952,81.20944839645932,cercle
3,17.2104504965985,17.2104504965985,51.631351489795506,128.25819182158523,triangle
4,13.285041766603273,8.055435884010699,42.68095530122794,107.0168021672769,rectangle
4,3.8335700565822814,16.628701391088818,40.9245428953422,63.74729173272622,rectangle
3,3.8736813594392636,3.8736813594392636,11.62104407831779,6.497531946910214,triangle
0,7.102421798359983,7.102421798359983,44.62583228884746,158.47574200913348,cercle
4,6.162170055590122,6.162170055590122,24.64868022236049,37.972339794011575,carre
4,5.793511857150083,5.793511857150083,23.174047428600332,33.5647796389386,carre
0,5.770143041388096,5.770143041388096,36.25487797797421,104.59791594049122,cercle
0,14.486029942934445,14.486029942934445,91.01841049680925,659.2477099075388,cercle
0,1.0832157082100622,1.0832157082100622,6.806045022331593,3.686207439487242,cercle
4,17.474508655129878,17.474508655129878,69.89803462051951,305.358452738209,carre
4,7.982837997091958,7.982837997091958,31.931351988367833,63.72570248781515,carre
4,7.82114594186217,11.105944788047843,37.854181459820026,86.8612150095857,rectangle
3,4.1553794500138235,4.1553794500138235,12.46613835004147,7.476907561606215,triangle
4,9.568660921010125,13.403009473505104,45.94334078903046,128.24885297305678,rectangle
4,4.239443200501196,3.884808661800124,16.24850372460264,16.469425666516685,rectangle
3,12.593588336783286,12.593588336783286,37.78076501034986,68.6751507966621,triangle
3,10.43228011087873,10.43228011087873,31.296840332636194,47.12584115730742,triangle
0,13.287662337297904,13.287662337297904,83.48884476447375,554.6857890807046,cercle
3,18.772715731561153,18.772715731561153,56.31814719468346,152.60010895667216,triangle
4,8.354455006356492,11.564373830363913,39.83765767344081,96.61404084246179,rectangle
0,14.119971433295735,14.119971433295735,88.71839704747924,626.3506159590978,cercle
0,12.68964864825247,12.68964864825247,79.73141393997122,505.881814563307,cercle
4,19.487748593897955,5.966974841783516,50.909446871362945,116.28290558279119,rectangle
4,10.017256114434616,10.017256114434616,40.069024457738465,100.34542006217771,carre
3,4.725005469629188,4.725005469629188,14.175016408887565,9.667301584254163,triangle
4,10.90461164489734,10.90461164489734,43.61844657958936,118.91055512603067,carre
4,16.45755614367723,16.45755614367723,65.83022457470892,270.85115422228813,carre
3,10.011387673480243,10.011387673480243,30.03416302044073,43.399946487161486,triangle
4,1.6023395183006497,2.305165573191334,7.8150101829839675,3.6936578941506433,rectangle
3,14.53453092015727,14.53453092015727,43.60359276047181,91.47505437449776,triangle
4,11.90302030047122,11.90302030047122,47.61208120188488,141.68189227342995,carre
4,8.642763537937206,8.642763537937206,34.571054151748825,74.69736157269685,carre
4,2.884128554601617,2.884128554601617,11.536514218406468,8.318197519468413,carre
4,18.212193339820914,13.408136510748868,63.24065970113956,244.19157446047015,rectangle
3,18.47371664382961,18.47371664382961,55.421149931488834,147.77779835260512,triangle
0,3.6410546606580234,3.6410546606580234,22.877421146484245,41.64897044462144,cercle
0,2.836082714583737,2.836082714583737,17.819633242218533,25.268976909238866,cercle
4,16.120099543454565,16.120099543454565,64.48039817381826,259.85760929088406,carre
4,14.758499856041817,14.758499856041817,59.03399942416727,217.81331800078635,carre
4,4.783730822162348,1.9777831493539677,13.523027943032632,9.461182211117894,rectangle
0,19.296522582499527,19.296522582499527,121.24362717002012,1169.7901948352232,cercle
0,14.8945739473434,14.8945739473434,93.5853681826479,696.9570933929036,cercle
0,14.85149910482559,14.85149910482559,93.31472096503093,692.9317474396033,cercle
0,1.0240740061599445,1.0240740061599445,6.4344467489687,3.294674829819604,cercle
3,17.629953435445756,17.629953435445756,52.88986030633727,134.58695471479072,triangle
4,7.1363086598005,7.1363086598005,28.545234639202,50.92690128794361,carre
4,7.297033780388943,12.341217610600392,39.27650278197867,90.05428179568197,rectangle
4,12.044566784097661,12.044566784097661,48.178267136390645,145.07158901658866,carre
4,9.136791469564006,3.7124124414509216,25.698407822029857,33.919538326552065,rectangle
0,11.441948659801065,11.441948659801065,71.8918837047652,411.2916212031561,cercle
4,17.29333585715779,17.29333585715779,69.17334342863116,299.0594650684593,carre
4,8.864765870243016,8.864765870243016,35.45906348097206,78.58407393422542,carre
4,10.540528280916018,10.540528280916018,42.16211312366407,111.10273644079038,carre
4,5.863965448681119,5.97396486455179,23.67586062646582,35.031123557366676,rectangle
4,7.422057996130576,7.422057996130576,29.688231984522304,55.08694489792582,carre
3,15.088205311722989,15.088205311722989,45.26461593516897,98.57704745173281,triangle
4,11.918155743256255,7.023140967388045,37.882593421288604,83.70288785617412,rectangle
3,18.449986379897677,18.449986379897677,55.34995913969303,147.3983886316539,triangle
0,16.89961659245659,16.89961659245659,106.18342267069158,897.2295658047253,cercle
4,2.3333687184518426,2.3333687184518426,9.33347487380737,5.4446095762495945,carre
4,2.9420999185348364,12.570245476608218,31.024690790286108,36.98291819269193,rectangle
4,6.143279040086018,2.6406424154233687,17.567842911018772,16.222203203032496,rectangle
3,2.8597278838411224,2.8597278838411224,8.579183651523367,3.5411967422727635,triangle
3,11.540949458471255,11.540949458471255,34.62284837541377,57.67448354615804,triangle
3,12.350829096320972,12.350829096320972,37.052487288962915,66.05304765018965,triangle
4,14.80568339003096,14.80568339003096,59.22273356012384,219.20826064583866,carre
4,9.229284001656902,9.229284001656902,36.91713600662761,85.17968318324004,carre
4,5.998757347360407,10.102884301802005,32.20328329832483,60.6047514349669,rectangle
4,10.412374141607312,10.412374141607312,41.64949656642925,108.41753526481261,carre
0,15.501863538783606,15.501863538783606,97.4010812207881,754.9491348073179,cercle
3,13.619096307928181,13.619096307928181,40.857288923784544,80.31510252215011,triangle
4,18.228555277253335,18.228555277253335,72.91422110901334,332.2802274958804,carre
4,2.224093337062476,2.224093337062476,8.896373348249904,4.946591171965701,carre
3,14.21374908087877,14.21374908087877,42.64124724263631,87.48184322220642,triangle
3,10.212201333975312,10.212201333975312,30.636604001925935,45.15848595343526,triangle
3,13.565599070895667,13.565599070895667,40.696797212687,79.68536951172867,triangle
4,8.806441084375964,15.081867693556651,47.77661755586523,132.81757928565986,rectangle
4,5.669403146551695,13.217661277882154,37.7741288488677,74.93625043887958,rectangle
4,17.335713848033873,17.45043245400362,69.57229260407499,302.5157035470503,rectangle
4,17.05067338392743,17.05067338392743,68.20269353570971,290.7254628453712,carre
3,11.849970767281935,11.849970767281935,35.54991230184581,60.80442613395407,triangle
0,14.360987632463566,14.360987632463566,90.23274648888282,647.9156781850332,cercle
3,2.3941422532795604,2.3941422532795604,7.182426759838681,2.4819929230239657,triangle
4,9.689859853485785,1.744407390462551,22.868534487896675,16.903063140966974,rectangle
4,19.54324165924992,19.54324165924992,78.17296663699967,381.9382945518415,carre
3,2.2105488499537036,2.2105488499537036,6.631646549861111,2.115927920537049,triangle
0,17.91000933392696,17.91000933392696,112.53190749837913,1007.7237568302878,cercle
3,9.231475128043648,9.231475128043648,27.694425384130945,36.9014000631299,triangle
4,3.27090297666137,8.95329662360005,24.44839920052284,29.285364577065597,rectangle
3,19.384822532469318,19.384822532469318,58.15446759740796,162.71376522555636,triangle
0,7.02790372008442,7.02790372008442,44.157621394307185,155.1677558335654,cercle
0,13.797729777716322,13.797729777716322,86.69369301178145,598.0880748044272,cercle
3,6.249746102179596,6.249746102179596,18.74923830653879,16.913184433313372,triangle
3,12.881516426662577,12.881516426662577,38.64454927998773,71.85129820900731,triangle
3,2.5770661303004916,2.5770661303004916,7.731198390901475,2.8757541973885705,triangle
3,12.680585674021952,12.680585674021952,38.04175702206585,69.62725299405648,triangle
0,9.596570607553627,9.596570607553627,60.29703144069242,289.3223598232429,cercle
4,1.5935386053466825,1.5935386053466825,6.37415442138673,2.53936528673025,carre
4,16.394531857065072,12.218924211301923,57.226912136733986,200.32354224125308,rectangle
3,18.77571900590874,18.77571900590874,56.32715701772622,152.64893904165567,triangle
3,19.896259042681322,19.896259042681322,59.68877712804397,171.41289483120562,triangle
3,5.605560680072496,5.605560680072496,16.816682040217486,13.606259585744832,triangle
4,12.412145671083938,12.412145671083938,49.64858268433575,154.06136016020773,carre
4,16.0291185226777,1.212147072817246,34.48253119098989,19.429649097104473,rectangle
0,11.9968021925799,11.9968021925799,75.37813126955787,452.14826524360365,cercle
4,17.66013568112776,17.66013568112776,70.64054272451104,311.8803922758418,carre
4,9.49977660518688,3.2114188511587693,25.4223909126913,30.507761671694208,rectangle
0,4.391767588240972,4.391767588240972,27.594289582983205,60.593853305540556,cercle
4,16.248086165349214,1.6023174913605678,35.70080731341957,26.0345926638727,rectangle
4,7.179477604843248,17.281186388846947,48.921327987380394,124.06989066384861,rectangle
0,1.3635848122130434,1.3635848122130434,8.567656057190229,5.841362837924842,cercle
4,4.2899973847404524,4.2899973847404524,17.15998953896181,18.404077561079923,carre
4,13.278791845701885,13.278791845701885,53.11516738280754,176.32631288147888,carre
3,5.167463616976694,5.167463616976694,15.502390850930084,11.562599715359097,triangle
4,7.695950025056587,16.76720623196989,48.92631251405295,129.03958122105763,rectangle
0,10.888318551671158,10.888318551671158,68.41332314375113,372.45302778378965,cercle
4,2.103492130805784,2.103492130805784,8.413968523223136,4.424679144361858,carre
4,17.946816190418794,19.030433427375254,73.95449923558809,341.5356907451052,rectangle
0,15.916544926237158,15.916544926237158,100.00660122159711,795.879780631917,cercle
0,19.13876419177183,19.13876419177183,120.25240196731555,1150.7411823733057,cercle
4,5.428598167200392,5.428598167200392,21.71439266880157,29.469678060931457,carre
4,15.377929434558935,15.377929434558935,61.51171773823574,236.48071369427407,carre
3,16.228731361204968,16.228731361204968,48.68619408361491,114.04330076949155,triangle
0,4.320718562681433,4.320718562681433,27.147875389498083,58.649164566383405,cercle
4,8.287987067748832,13.676610628603168,43.929195392704,113.35157202049928,rectangle
3,9.393111839886139,9.393111839886139,28.179335519658416,38.20494886078878,triangle
3,18.562748378566727,18.562748378566727,55.688245135700186,149.20562341195028,triangle
4,6.692328125209479,6.692328125209479,26.769312500837916,44.78725573546982,carre
4,14.575057762480885,14.575057762480885,58.30023104992354,212.4323087796543,carre
4,19.192098363190492,19.192098363190492,76.76839345276197,368.3366395823792,carre
0,7.878405539838914,7.878405539838914,49.50148193191812,194.9963747413298,cercle
3,19.680621024641717,19.680621024641717,59.04186307392515,167.71744319926668,triangle
3,5.998692776538212,5.998692776538212,17.996078329614633,15.581665475708377,triangle
0,9.62541139787491,9.62541139787491,60.47824347068656,291.0639870131001,cercle
3,18.759914933313038,18.759914933313038,56.27974479993911,152.39206902904883,triangle
0,17.897115961228184,17.897115961228184,112.45089604847819,1006.2733632618152,cercle
0,12.011563101415003,12.011563101415003,75.4708767950712,453.2615994715576,cercle
3,11.161874288702728,11.161874288702728,33.48562286610819,53.94794299294046,triangle
0,4.925908188377075,4.925908188377075,30.950393953726447,76.2293995050787,cercle
3,18.269896518016875,18.269896518016875,54.80968955405062,144.53492818473723,triangle
4,11.81796576984594,1.3008609391510628,26.237653417994007,15.373530050216903,rectangle
3,18.189555006242518,18.189555006242518,54.56866501872756,143.26654415071127,triangle
4,4.027415014847079,2.9994784472855547,14.053786924265268,12.080144535308044,rectangle
0,5.168549810746821,5.168549810746821,32.47495623031026,83.9242144390907,cercle
3,12.62326011309168,12.62326011309168,37.86978033927504,68.99914332179661,triangle
3,5.899399745579583,5.899399745579583,17.69819923673875,15.070105278981746,triangle
3,1.748374810896141,1.748374810896141,5.2451244326884225,1.32363949689791,triangle
4,12.166352441244442,9.511638293559168,43.355981469607215,115.7219437730777,rectangle
4,7.089791258043854,7.089791258043854,28.359165032175415,50.26514008263505,carre
4,12.343446952658194,12.343446952658194,49.37378781063278,152.36068267308687,carre
0,13.080251765467727,13.080251765467727,82.18564570699667,537.5044686775241,cercle
4,19.931588332027495,19.931588332027495,79.72635332810998,397.2682134374146,carre
4,9.16692687826115,9.16692687826115,36.6677075130446,84.0325483913867,carre
3,13.222599845346592,13.222599845346592,39.66779953603977,75.70670527077209,triangle
4,17.619129616974725,17.217594769788924,69.6734487735273,303.35903394145714,rectangle
0,8.665662526048628,8.665662526048628,54.447963460645475,235.91383829029024,cercle
0,19.578424527677782,19.578424527677782,123.01486933002947,1204.2186674800632,cercle
3,7.536955564169535,7.536955564169535,22.610866692508605,24.597589283191603,triangle
3,4.126565409640934,4.126565409640934,12.379696228922802,7.373575015365659,triangle
4,13.658596806473458,13.658596806473458,54.63438722589383,186.55726672180694,carre
3,15.647023309088485,15.647023309088485,46.94106992726546,106.0142133382925,triangle
3,11.783388611516093,11.783388611516093,35.35016583454828,60.1230546600835,triangle
4,8.364327054980372,11.159940067969671,39.048534245900086,93.34538864247821,rectangle
3,2.678642225001639,2.678642225001639,8.035926675004918,3.1069199030740915,triangle
4,19.48427133737988,9.739391796955394,58.44732626867055,189.7649524329307,rectangle
0,11.37923409399017,11.37923409399017,71.49783646631604,406.7953091820187,cercle
0,18.64876784569627,18.64876784569627,117.17366412508191,1092.572229949121,cercle
4,3.2575948044352767,3.2575948044352767,13.030379217741107,10.611923909883709,carre
4,12.800928798547181,12.800928798547181,51.203715194188725,163.86377810547458,carre
4,3.231254650127312,6.297490090037884,19.05748948033039,20.348794137565577,rectangle
3,17.15645328970767,17.15645328970767,51.46935986912301,127.45464287003148,triangle
3,7.8187732295425505,7.8187732295425505,23.45631968862765,26.471458522405467,triangle
4,7.734265372970045,14.966477253939226,45.40148525381854,115.75470678048596,rectangle
0,19.57305102402111,19.57305102402111,122.98110661080581,1203.557737341941,cercle
4,8.17404377106039,8.17404377106039,32.69617508424156,66.81499157121117,carre
3,9.040888200287423,9.040888200287423,27.12266460086227,35.39344476483232,triangle
4,16.175518242664474,15.968185444758964,64.28740737484688,258.2936749639479,rectangle
4,13.687124269244425,11.123175251144046,49.62059904077694,152.24428193099263,rectangle
3,16.311743962165888,16.311743962165888,48.93523188649766,115.21298477123682,triangle
0,2.838896619881086,2.838896619881086,17.83731353063863,25.31914454494459,cercle
0,13.494546263493769,13.494546263493769,84.78873480983923,572.09275225724,cercle
0,14.707116106706948,14.707116106706948,92.40753583264534,679.5241793126988,cercle
4,16.67677367456882,8.520146651999555,50.39384065313675,142.08855738953187,rectangle
4,2.5548719936466124,7.864840946746619,20.839425880786465,20.093661869328045,rectangle
4,9.604696893266798,9.973627919128464,39.156649624790525,95.79367308945216,rectangle
4,16.388787514928588,12.30005510332523,57.37768523650763,201.58298951031017,rectangle
3,14.947555089282348,14.947555089282348,44.842665267847046,96.74776953890495,triangle
4,19.549363289522077,5.894145616884042,50.88701781281224,115.22679394581034,rectangle
4,14.026871544118213,14.026871544118213,56.107486176472854,196.75312531519327,carre
0,18.610443794354687,18.610443794354687,116.93286700878087,1088.086274589834,cercle
0,2.284760136319262,2.284760136319262,14.355571318950815,16.399518541813478,cercle
4,7.21196518401932,7.21196518401932,28.84786073607728,52.012441815506826,carre
4,7.575629826426471,7.575629826426471,30.302519305705886,57.39016726704237,carre
0,9.527100524248123,9.527100524248123,59.86053803397874,285.14868164264675,cercle
4,5.792688198510704,1.9629916499095073,15.511359696840422,11.370998564205857,rectangle
4,11.67641746458954,11.67641746458954,46.70566985835816,136.33872480737165,carre
4,17.946170854729516,6.140103838029076,48.172549385517186,110.19135254305024,rectangle
3,8.198274421555706,8.198274421555706,24.594823264667117,29.103521327474876,triangle
4,12.434128944722808,2.8197346161508645,30.507727121747344,35.06094380711832,rectangle
3,13.04179360011608,13.04179360011608,39.12538080034824,73.65042911765087,triangle
4,15.45322243885263,12.964583931938014,56.835612741581286,200.34459932741277,rectangle
4,16.32238540633029,16.32238540633029,65.28954162532116,266.42026535278404,carre
4,10.07790838433049,16.194049461231486,52.543915691123956,163.20214684160746,rectangle
4,15.689273332006753,13.470562757930578,58.31967217987466,211.34334104512357,rectangle
3,17.9177128893651,17.9177128893651,53.753138668095296,139.0163183072302,triangle
4,10.950147815040292,2.8678976067904065,27.6360908436614,31.403902712755254,rectangle
0,12.320953433389873,12.320953433389873,77.41483358311912,476.91227981561855,cercle
3,3.3749776782839325,3.3749776782839325,10.124933034851797,4.932220064997363,triangle
4,3.483921946177963,2.382488942165422,11.73282177668677,8.300405512136434,rectangle
0,2.600412087056161,2.600412087056161,16.338871018003474,21.243898842033918,cercle
0,1.4100655945314688,1.4100655945314688,8.859703425719573,6.24638148917988,cercle
4,7.4821574065702245,7.737772114728443,30.439859042597334,57.89522893856797,rectangle
0,3.161203650354028,3.161203650354028,19.8624283289069,31.394590469117876,cercle
4,12.062459513389985,2.1117823948929235,28.348483816565818,25.473289639485632,rectangle
4,18.941792740462816,18.941792740462816,75.76717096185126,358.7915122226498,carre
0,3.3055278029300594,3.3055278029300594,20.76924372384377,34.32665628749811,cercle
0,13.618512801530272,13.618512801530272,85.56763954021211,582.6519972375532,cercle
3,17.62044122445878,17.62044122445878,52.86132367337634,134.44176157586233,triangle
4,16.56512410801185,16.56512410801185,66.2604964320474,274.4033367138354,carre
4,8.223050470003756,8.223050470003756,32.89220188001502,67.61855903222899,carre
0,9.505961223146993,9.505961223146993,59.727715887896075,283.8846755887404,cercle
4,9.60453409192601,6.0920871121509075,31.39324240815383,58.511658359636456,rectangle
4,8.781288956276876,12.818469780705612,43.199517473964974,112.56268712167906,rectangle
3,1.2620703141082918,1.2620703141082918,3.7862109423248755,0.6897119317139583,triangle
4,7.813777354676662,7.142970697160157,29.913496103673637,55.81358267858901,rectangle
3,12.153618113844384,12.153618113844384,36.46085434153315,63.96049380235592,triangle
4,13.487594838312562,6.240717639166268,39.45662495495766,84.17227101738511,rectangle
4,9.825531096005209,9.825531096005209,39.302124384020836,96.54106131856533,carre
4,11.068179687590451,11.068179687590451,44.272718750361804,122.50460159678985,carre
4,16.347767512727547,16.347767512727547,65.39107005091019,267.2495026501902,carre
4,19.939330273039943,13.724357156818131,67.32737485971614,273.6544901349562,rectangle
4,4.324031140021093,12.815962335210672,34.27998695046353,55.416620226788396,rectangle
4,18.352701029898085,18.352701029898085,73.41080411959234,336.82163509282225,carre
4,5.556756296523376,17.352079371582946,45.81767133621264,96.42127630581692,rectangle
3,17.19797174938709,17.19797174938709,51.59391524816127,128.07226742435847,triangle
4,12.75025178634633,19.95220785001056,65.40491927271378,254.3956737811504,rectangle
0,6.704576146048513,6.704576146048513,42.126094331718754,141.21880359131552,cercle
3,15.925552739360512,15.925552739360512,47.776658218081536,109.82208010838076,triangle
4,15.355209338646892,15.355209338646892,61.42083735458757,235.78245383366874,carre
3,12.824523370354374,12.824523370354374,38.473570111063125,71.21690611992564,triangle
4,11.614614345705146,4.320254482767583,31.869737656945457,50.17808969264933,rectangle
3,17.745882512316808,17.745882512316808,53.23764753695042,136.36277791251877,triangle
3,10.655830865088301,10.655830865088301,31.967492595264904,49.167176965528974,triangle
0,14.55804197047122,14.55804197047122,91.47087541016852,665.8184216484885,cercle
4,7.559784501876951,5.703716672567429,26.52700234888876,43.11886890437243,rectangle
4,2.602198920581098,11.436049230214813,28.076496301591824,29.758874962577284,rectangle
3,9.412544392624968,9.412544392624968,28.237633177874905,38.36318984811849,triangle
4,1.4019714912725114,1.4019714912725114,5.607885965090046,1.9655240623408696,carre
4,19.07363516064949,19.07363516064949,76.29454064259797,363.80355824156453,carre
4,14.443094343396593,2.4384281029582375,33.76304489270966,35.2184471406154,rectangle
0,13.463861079521251,13.463861079521251,84.595934112755,569.4939523932331,cercle
4,10.395680378796515,10.395680378796515,41.58272151518606,108.07017053809484,carre
4,8.277097054858455,8.277097054858455,33.10838821943382,68.51033565554651,carre
3,3.956076195168996,3.956076195168996,11.868228585506987,6.776882118696352,triangle
4,10.829979427271953,12.34957672245363,46.35911229945117,133.7456618396894,rectangle
4,15.754782478458415,15.754782478458415,63.01912991383366,248.21317094354026,carre
0,1.6146620798746083,1.6146620798746083,10.14522105632817,8.190551865799257,cercle
0,4.521042404668987,4.521042404668987,28.40654721015204,64.21360225366445,cercle
0,19.578188860393926,19.578188860393926,123.01338858881417,1204.1896770744152,cercle
4,15.374385990448381,3.3628923471589394,37.47455667521464,51.70240498954647,rectangle
0,10.88176789864001,10.88176789864001,68.3721641768734,372.0050106502227,cercle
4,3.5904876082608363,16.951367873359885,41.083710963241444,60.86367629236951,rectangle
4,18.085681210217434,18.085681210217434,72.34272484086974,327.0918648376119,carre
4,6.407845010089328,13.423499733618895,39.66268948741644,86.01570578600526,rectangle
0,3.905828085858141,3.905828085858141,24.54104164143324,47.926544849662065,cercle
4,2.1192364074546695,2.1192364074546695,8.476945629818678,4.491162950681374,carre
4,12.39533094174569,10.781663660027535,46.35398920354645,133.6422891686344,rectangle
4,1.2312441370990532,1.2312441370990532,4.924976548396213,1.5159621251407922,carre
0,19.287121641519715,19.287121641519715,121.1845593157821,1168.6506682987253,cercle
0,1.9151054200533375,1.9151054200533375,12.03296223697912,11.522195599667922,cercle
4,13.231138956759125,13.231138956759125,52.9245558270365,175.06303809306894,carre
3,10.624653317553957,10.624653317553957,31.87395995266187,48.879884596163045,triangle
4,6.3747721343961,9.46674892382044,31.68304211643308,60.3483672428948,rectangle
3,9.63902946873794,9.63902946873794,28.91708840621382,40.23159512405225,triangle
4,3.158600478350254,16.42391625770133,39.16503347210317,51.87658974795993,rectangle
4,9.073124529591235,10.931900467452381,40.01004999408723,99.18649428629209,rectangle
3,8.111675922888889,8.111675922888889,24.335027768666667,28.49192673380572,triangle
0,6.28266414299149,6.28266414299149,39.47514303318816,124.0045328370358,cercle
4,11.140706648468399,2.727919938359957,27.73725317365671,30.390955793776275,rectangle
0,4.332356703029775,4.332356703029775,27.220999981937673,58.965540867460525,cercle
4,12.227162365375198,12.740266852747293,49.93485843624498,155.77731138674883,rectangle
4,14.643160309063465,14.643160309063465,58.57264123625386,214.4221438369316,carre
4,1.714930247109867,1.714930247109867,6.859720988439468,2.9409857524523098,carre
0,2.8661714212612286,2.8661714212612286,18.008686161926583,25.80799080588827,cercle
0,19.301325338843178,19.301325338843178,121.27380377811251,1170.3725709001892,cercle
3,6.713050144741484,6.713050144741484,20.13915043422445,19.51373570374678,triangle
4,7.689800423269179,12.949407766225285,41.27841637898893,99.57836132180438,rectangle
4,1.9128998280700271,15.313659077349923,34.4531178108399,29.29349581618568,rectangle
3,1.495614986419623,1.495614986419623,4.486844959258869,0.9685906056399058,triangle
4,11.082748765993834,9.78682401663524,41.73914556525815,108.46491179336303,rectangle
3,17.72310099691537,17.72310099691537,53.16930299074611,136.01288754387696,triangle
0,12.044436600118585,12.044436600118585,75.67742707912114,455.745986257286,cercle
4,17.26453528053315,1.0832733159949193,36.69561719305614,18.702210382454417,rectangle
4,6.961797306298229,6.961797306298229,27.847189225192917,48.46662173398128,carre
0,10.519950903458591,10.519950903458591,66.09880094886164,347.67807037975325,cercle
4,18.08162662313156,13.182515628313228,62.528284502889576,238.3613255447563,rectangle
4,4.246599687201686,4.334707584320058,17.16261454304349,18.40776787168433,rectangle
0,13.779684552387412,13.779684552387412,86.5803115171301,596.5246905767439,cercle
3,11.421388884668058,11.421388884668058,34.26416665400417,56.48569465374861,triangle
4,14.715024691487164,19.658160516600763,68.74637041617585,289.2703173909983,rectangle
3,12.042272598659626,12.042272598659626,36.12681779597888,62.79391258619084,triangle
4,17.15887010204289,17.15887010204289,68.63548040817156,294.4268231787814,carre
0,12.628511665394067,12.628511665394067,79.34727894755001,501.01901890320613,cercle
4,9.033307323532204,9.033307323532204,36.13322929412882,81.60064120138055,carre
0,2.6225382893819145,2.6225382893819145,16.47789404736033,21.606954033790398,cercle
4,7.214561270010513,7.214561270010513,28.858245080042053,52.04989431873571,carre
4,1.2331452629020019,1.2331452629020019,4.9325810516080075,1.5206472394176473,carre
3,16.393595675563674,16.393595675563674,49.18078702669102,116.37215461555077,triangle
0,6.977868601658536,6.977868601658536,43.84324147337068,152.96618903598332,cercle
3,19.17191339495766,19.17191339495766,57.51574018487298,159.1591287121381,triangle
4,16.599294940929,14.538014397222087,62.27461867630217,241.32078883496155,rectangle
3,18.57581323627307,18.57581323627307,55.72743970881921,149.41572551495838,triangle
0,1.3995695945577697,1.3995695945577697,8.79375511290067,6.153736139001352,cercle
4,19.51307162690423,1.1863504289763425,41.39884411176115,23.149340895223933,rectangle
3,16.51578705796789,16.51578705796789,49.547361173903674,118.11340389907669,triangle
0,2.0923162327419664,2.0923162327419664,13.146410611537666,13.753224162405752,cercle
0,9.652073273723127,9.652073273723127,60.64576497727792,292.67868365083916,cercle
4,3.116757018880079,10.238562578003846,26.71063919376785,31.911111778236403,rectangle
0,16.21050380523171,16.21050380523171,101.85359933101066,825.549079765947,cercle
0,13.395481761008714,13.395481761008714,84.16629418336208,563.7240293124603,cercle
4,6.556592471428864,6.556592471428864,26.226369885715457,42.98890483639766,carre
0,6.387706587440044,6.387706587440044,40.13514417677754,128.1857624229289,cercle
4,12.678094024331799,12.678094024331799,50.712376097327194,160.73406808979766,carre
3,17.103859640177525,17.103859640177525,51.311578920532575,126.6744081549959,triangle
0,19.706989777944575,19.706989777944575,123.82266862151965,1220.086032401053,cercle
4,4.77411159676209,4.77411159676209,19.09644638704836,22.79214153833827,carre
4,14.530629095074666,4.764698681018722,38.590655552186774,69.23406928367453,rectangle
4,15.15193217266709,12.258655357699114,54.82117506073241,185.742314507959,rectangle
4,2.28901840191578,1.6739075322269852,7.92585186828553,3.831605144373001,rectangle
4,6.0952497425401395,7.094150460891466,26.378800406863213,43.24061877028972,rectangle
4,4.084796348420317,4.084796348420317,16.33918539368127,16.68556120806796,carre
4,1.776545288240701,4.125769038379397,11.804628653240195,7.329615545502285,rectangle
4,7.957883280296372,7.957883280296372,31.831533121185487,63.327906302820544,carre
0,3.5405194636890402,3.5405194636890402,22.245739874034328,39.38073750409096,cercle
4,13.808197554413622,4.006338787857711,35.62907268454266,55.320317452649284,rectangle
3,8.23554235190436,8.23554235190436,24.70662705571308,29.368721835537126,triangle
4,16.85434989879044,10.857313062209856,55.423325922000586,182.9929533111928,rectangle
0,5.621931724731298,5.621931724731298,35.323638810798485,99.29354283168887,cercle
3,11.65003243614326,11.65003243614326,34.950097308429775,58.76989368762765,triangle
0,16.134793695607357,16.134793695607357,101.37789868261396,817.8557402690806,cercle
0,16.69821484468521,16.69821484468521,104.91797816825417,875.9714702617503,cercle
3,9.996619776367435,9.996619776367435,29.989859329102305,43.27200154142414,triangle
4,2.2614616822024867,10.82954295066186,26.182009265728695,24.49059641868785,rectangle
3,8.519734379029629,8.519734379029629,25.559203137088886,31.43060537197877,triangle
4,6.491017016405868,6.290083662655065,25.562201358121868,40.829040088910574,rectangle
4,7.96796901652962,16.266853661136423,48.46964535533209,129.61378596835644,rectangle
4,16.69896894293368,18.356609227533685,70.11115634093473,306.5364473881548,rectangle
4,4.621355986418544,4.621355986418544,18.485423945674174,21.35693115320651,carre
4,6.974923118884646,6.974923118884646,27.899692475538583,48.64955251435151,carre
4,16.171093936921825,7.590495939527932,47.52317975289951,122.74662286592987,rectangle
4,4.523632750786334,4.523632750786334,18.094531003145335,20.463253263986733,carre
4,14.740075365860895,3.39846530726378,36.277081346249346,50.09363475733172,rectangle
0,6.341104164624758,6.341104164624758,39.84233251846556,126.32219033060319,cercle
4,19.20365776449038,17.951807029258724,74.31092958749821,344.7403584440573,rectangle
4,14.978146391107183,14.978146391107183,59.91258556442873,224.34486931343713,carre
4,16.417420797029173,8.618212337696317,50.07126626945098,141.4888184661089,rectangle
4,12.44980710933928,12.44980710933928,49.79922843735712,154.9976970597549,carre
4,3.222968121131622,12.775981840123297,31.997899922509838,41.1765821868739,rectangle
4,8.83409056918309,3.17357020596553,24.01532155029724,28.035606627160526,rectangle
4,4.965748020630881,16.185253726412924,42.30200349408761,80.37189165534356,rectangle
4,1.2909808612378688,1.2909808612378688,5.163923444951475,1.6666315840824695,carre
3,14.325946513407821,14.325946513407821,42.977839540223464,88.86838478186228,triangle
4,10.968826242303974,14.260532376105552,50.458717236819055,156.42130175625203,rectangle
4,1.9830941277509637,1.9830941277509637,7.932376511003855,3.9326623195203556,carre
4,19.078207836095675,10.67800233873685,59.51242034966505,203.7171478927373,rectangle
4,8.342868213184133,19.165091638429793,55.01591970322785,159.89183383301693,rectangle
0,4.457286843697948,4.457286843697948,28.00595920620782,62.41529675748576,cercle
3,12.988935783106578,12.988935783106578,38.96680734931974,73.05463502012083,triangle
4,13.619363317496479,13.619363317496479,54.477453269985915,185.48705717396868,carre
4,8.050433087934833,8.050433087934833,32.20173235173933,64.80947290331596,carre
3,12.659204846379772,12.659204846379772,37.97761453913932,69.39265290702176,triangle
4,11.75899057194803,11.75899057194803,47.03596228779212,138.27385927116265,carre
4,18.339303651896987,18.339303651896987,73.35721460758795,336.33005843648215,carre
3,12.379811736261184,12.379811736261184,37.13943520878355,66.36341351342354,triangle
3,9.95802615510487,9.95802615510487,29.87407846531461,42.938528912845996,triangle
3,3.5685908468558107,3.5685908468558107,10.705772540567432,5.514347750343052,triangle
4,9.094355440660443,9.094355440660443,36.377421762641774,82.70730088107021,carre
4,11.14402120508966,11.14402120508966,44.57608482035864,124.18920861948799,carre
4,10.516434719753267,10.516434719753267,42.06573887901307,110.59539921483197,carre
4,4.07799700710169,4.07799700710169,16.31198802840676,16.63005958993034,carre
4,9.686263308596663,10.579157942274259,40.530842501741844,102.47250941210014,rectangle
4,10.23843194730037,10.23843194730037,40.95372778920148,104.82548873950084,carre
4,16.067656352214634,16.067656352214634,64.27062540885854,258.16958065286326,carre
4,14.771762336833556,14.771762336833556,59.08704934733422,218.20496253589434,carre
4,14.905267888022696,12.52578910224204,54.86211398052947,186.70024207779292,rectangle
4,7.449388314032636,9.872992696434656,34.644762020934586,73.54775641734989,rectangle
4,10.26936816673362,10.26936816673362,41.07747266693448,105.45992254392185,carre
4,9.477866690037656,13.429446602766683,45.81462658560868,127.28250462200171,rectangle
4,8.20039970942162,15.892172960962478,48.185145340768194,130.32217053115482,rectangle
4,2.557690764602926,9.684953783644135,24.48528909649412,24.771116848032765,rectangle
4,17.76238855236945,8.973226137580696,53.471229379900294,159.3859292239857,rectangle
3,9.326719708195203,9.326719708195203,27.980159124585608,37.66677923149389,triangle
3,9.7346796346466,9.7346796346466,29.2040389039398,41.03401030808164,triangle
4,2.5483450962385206,2.5483450962385206,10.193380384954082,6.4940627295229145,carre
4,7.797276118730176,7.00677559157997,29.608103420620292,54.633763989528,rectangle
3,10.90079319118833,10.90079319118833,32.70237957356499,51.45372685278424,triangle
3,14.639616235651753,14.639616235651753,43.91884870695526,92.80257365601372,triangle
3,12.595989975907086,12.595989975907086,37.78796992772126,68.70134645292839,triangle
4,2.1058015347805803,2.1058015347805803,8.423206139122321,4.434400103884247,carre
4,15.03775810213591,15.03775810213591,60.15103240854364,226.13416873835422,carre
4,15.833167927381282,3.9743554604933853,39.615046775749335,62.926637409096536,rectangle
4,11.370136381233667,11.370136381233667,45.48054552493467,129.28000132785343,carre
3,8.23167527834913,8.23167527834913,24.69502583504739,29.341147611870635,triangle
4,19.84254129742038,19.84254129742038,79.37016518968152,393.72644513983323,carre
3,1.4414084762429167,1.4414084762429167,4.3242254287287505,0.8996524753946801,triangle
4,16.318267090445083,16.318267090445083,65.27306836178033,266.28584083510304,carre
4,3.319454117114953,14.488178488875867,35.615265211981644,48.0928437343953,rectangle
3,2.0909658876907247,2.0909658876907247,6.272897663072174,1.8931914371595575,triangle
4,9.925513775266586,5.032790485195989,29.91660852092515,49.95303128884339,rectangle
4,11.045555551732804,11.045555551732804,44.182222206931215,122.00429744641536,carre
0,3.2141392476299724,3.2141392476299724,20.19503249593789,32.45482327617833,cercle
4,1.3610195642646177,18.88995523527127,40.50194959907177,25.709598643287038,rectangle
0,3.2622214999955887,3.2622214999955887,20.497142197537634,33.43310898263705,cercle
4,13.646018427159262,13.646018427159262,54.58407370863705,186.21381891437014,carre
3,12.9078854751028,12.9078854751028,38.7236564253084,72.1457650276279,triangle
4,3.9236827870617432,3.9236827870617432,15.694731148246973,15.39528661348461,carre
3,7.641370235453066,7.641370235453066,22.924110706359198,25.283845089925023,triangle
3,17.063411007085453,17.063411007085453,51.19023302125636,126.07597620305948,triangle
4,10.115789962183507,14.36679345689881,48.965166838164635,145.33146504006066,rectangle
4,16.19827625581422,10.074724390897618,52.54600129342368,163.19316888494927,rectangle
4,15.36354119141281,15.36354119141281,61.45416476565124,236.03839794023816,carre
3,19.3677763209374,19.3677763209374,58.1033289628122,162.42772353097382,triangle
4,5.291658737821428,10.016760832002182,30.61683913964722,53.00527998133178,rectangle
4,5.823394656920187,5.823394656920187,23.29357862768075,33.91192533024658,carre
0,9.988910234466154,9.988910234466154,62.76217401993353,313.4628612025299,cercle
0,10.891959523835222,10.891959523835222,68.43620004655624,372.7021604360903,cercle
3,7.966263593790567,7.966263593790567,23.8987907813717,27.47957307391055,triangle
3,17.635775270341217,17.635775270341217,52.907325811023654,134.67585709387916,triangle
0,10.037225965078159,10.037225965078159,63.065750708620534,316.50259525985615,cercle
3,1.446904033351841,1.446904033351841,4.340712100055523,0.9065256367977128,triangle
4,9.637154299844873,11.016972263004389,41.30825312569853,106.17226161568445,rectangle
4,19.132491531520856,19.132491531520856,76.52996612608342,366.05223220371727,carre
4,11.563423658808933,11.563423658808933,46.25369463523573,133.71276671310218,carre
4,3.3685511248379494,19.086706740754455,44.91051573118481,64.29454746102049,rectangle
3,18.879395688951522,18.879395688951522,56.63818706685457,154.33940217967336,triangle
4,19.370944289461725,7.309469443465556,53.36082746585456,141.5913253748941,rectangle
3,3.492979571409513,3.492979571409513,10.478938714228539,5.283147396557679,triangle
4,15.331295692578088,10.670309749385135,52.00321088392644,163.5896738992223,rectangle
3,11.74232352304592,11.74232352304592,35.22697056913776,59.70472738906411,triangle
4,2.132825106435065,15.369283344408847,35.004216901687826,32.77999338486948,rectangle
3,2.3156361021352616,2.3156361021352616,6.946908306405785,2.32188796111526,triangle
3,5.923711259593082,5.923711259593082,17.771133778779244,15.19456946659218,triangle
0,10.14298495124259,10.14298495124259,63.7302540165911,323.2075037145756,cercle
3,5.8130537930376995,5.8130537930376995,17.4391613791131,14.63218959271474,triangle
4,19.67058883041176,18.32817403228355,75.99752572539062,360.52597540127965,rectangle
4,6.081251792866262,7.324510444226728,26.81152447418598,44.54219227082145,rectangle
0,19.968069397542187,19.968069397542187,125.46308025137941,1252.6277466444742,cercle
3,9.717311497436711,9.717311497436711,29.151934492310133,40.88771919633514,triangle
4,16.73102756477953,16.73102756477953,66.92411025911812,279.9272833734125,carre
4,2.4090861549789495,2.4090861549789495,9.636344619915798,5.803696102111259,carre
3,2.775912051136411,2.775912051136411,8.327736153409234,3.336660657688846,triangle
3,15.816233419906663,15.816233419906663,47.448700259719985,108.31953016324466,triangle
0,17.433187451303727,17.433187451303727,109.53594725133911,954.780350544356,cercle
0,8.328785718435451,8.328785718435451,52.3313040527208,217.92810891070215,cercle
4,2.9661488743027755,2.9661488743027755,11.864595497211102,8.798039144527623,carre
0,11.589805750709834,11.589805750709834,72.8208972059255,421.99002660454255,cercle
4,8.170501102090476,8.170501102090476,32.682004408361905,66.75708825926169,carre
0,3.158731772379069,3.158731772379069,19.8468970615335,31.345512165701322,cercle
4,17.148720708991824,1.7646445253494005,37.82673046868245,30.261396115868312,rectangle
4,4.41030991274505,7.338884883260967,23.498389592012032,32.36675674914064,rectangle
0,7.9082678307960945,7.9082678307960945,49.689112239699,196.47740393301402,cercle
0,17.615934484236096,17.615934484236096,110.68418072359044,974.9026380340586,cercle
0,19.71710316220364,19.71710316220364,123.88621288890207,1221.338619952602,cercle
4,13.429522701955289,10.062249989625402,46.983545383161385,135.1312146684237,rectangle
0,3.0236804215551447,3.0236804215551447,18.998344398321862,28.722460999583834,cercle
3,19.00312111644499,19.00312111644499,57.009363349334976,156.36894595768828,triangle
4,2.832187296022956,13.766083299166922,33.196541190379754,38.98812623589434,rectangle
4,6.2980931487243,6.2980931487243,25.1923725948972,39.66597731000797,carre
4,11.34557107880613,11.34557107880613,45.38228431522452,128.72198310424207,carre
4,9.537294856900942,9.537294856900942,38.14917942760377,90.95999318746917,carre
3,10.368967317559216,10.368967317559216,31.106901952677646,46.55556988980056,triangle
4,7.959196378675635,7.959196378675635,31.83678551470254,63.34880699432335,carre
4,3.2008795429620354,3.2008795429620354,12.803518171848141,10.245629848552849,carre
3,9.336158373045777,9.336158373045777,28.00847511913733,37.743055567003005,triangle
4,14.209367271175829,11.867684144595318,52.15410283154229,168.63228266886503,rectangle
0,7.02214523211068,7.02214523211068,44.12143974727901,154.91357887760697,cercle
4,2.8284112087984488,18.904224281089363,43.465270979775624,53.46891985027295,rectangle
0,14.487988796492935,14.487988796492935,91.03071833670687,659.4260136994566,cercle
4,8.745931713017065,8.745931713017065,34.98372685206826,76.49132152875761,carre
4,18.10334832578989,18.10334832578989,72.41339330315957,327.7312206048797,carre
0,2.358215218093007,2.358215218093007,14.817103209489286,17.470959138336188,cercle
0,15.085049909150772,15.085049909150772,94.78216394724689,714.8968368207651,cercle
0,8.988562063779122,8.988562063779122,56.4768010918088,253.82261588871597,cercle
3,18.845667611309754,18.845667611309754,56.537002833929265,153.78843947473786,triangle
0,18.43634266716284,18.43634266716284,115.83895736444566,1067.8233560888934,cercle
3,11.467427473955675,11.467427473955675,34.40228242186703,56.94198993576755,triangle
4,4.443459764401035,4.443459764401035,17.77383905760414,19.744334677850897,carre
3,1.966271947950093,1.966271947950093,5.898815843850279,1.6741246950149185,triangle
0,8.617304206702851,8.617304206702851,54.1441191790522,233.28817298493348,cercle
4,6.255788597652754,15.864322577029132,44.24022234936377,99.243848286864,rectangle
3,18.548816680052504,18.548816680052504,55.64645004015751,148.98174409493123,triangle
4,2.351992105246916,6.057942108499503,16.81986842749284,14.24823201323369,rectangle
0,5.9205707499297,5.9205707499297,37.200043146075515,110.12274367338877,cercle
4,1.495372349740559,5.241979752581259,13.474704204643636,7.838711579909872,rectangle
4,15.396502843763388,15.396502843763388,61.58601137505355,237.0522998180141,carre
4,5.458203417701772,5.458203417701772,21.832813670807088,29.791984549011303,carre
4,15.494247316428844,7.28370268023709,45.55589999333186,112.8554907069291,rectangle
4,5.566454340762506,5.566454340762506,22.265817363050022,30.98541392779374,carre
0,4.585036533272971,4.585036533272971,28.80863417874236,66.04432009161505,cercle
4,16.21346503144522,8.302590973070526,49.03211200903149,134.61376841227172,rectangle
3,13.142975348829173,13.142975348829173,39.42892604648752,74.79766193856102,triangle
4,11.44367089591251,8.992811577676529,40.872964947178076,102.91077612388194,rectangle
0,4.029217860733592,4.029217860733592,25.316322461986868,51.00248931596426,cercle
3,6.817563486376198,6.817563486376198,20.452690459128593,20.126071802135197,triangle
0,17.206035864317116,17.206035864317116,108.10871173748231,930.0611857001207,cercle
0,1.7600612018814936,1.7600612018814936,11.058790683398644,9.732074210789241,cercle
4,17.24786193466904,17.95184015572947,70.39940418079702,309.6308604792695,rectangle
3,3.5009701209249315,3.5009701209249315,10.502910362774795,5.307346528482994,triangle
0,3.953173946415224,3.953173946415224,24.838524456841277,49.09550387509115,cercle
3,9.69588334359469,9.69588334359469,29.087650030784072,40.70759070769573,triangle
4,5.932530113338098,3.332867657300227,18.53079554127665,19.772337740704195,rectangle
4,14.905230809973279,6.517020371861212,42.84450236366898,97.13769283588925,rectangle
4,3.507661530544629,2.4465574517302686,11.908437964549794,8.581695455701562,rectangle
4,13.535962528706808,13.535962528706808,54.14385011482723,183.2222815785548,carre
3,13.624440276801423,13.624440276801423,40.87332083040427,80.37814424018296,triangle
4,9.787314728313653,9.787314728313653,39.14925891325461,95.79152959106536,carre
4,5.5548231838874,5.5548231838874,22.2192927355496,30.856060604252953,carre
4,14.705551427635548,14.705551427635548,58.82220571054219,216.2532427908339,carre
4,18.99115075218358,18.99115075218358,75.96460300873431,360.6638068921629,carre
4,14.693801369737411,12.364158542873058,54.11591982522094,181.67648973291867,rectangle
4,2.6962530401612073,8.357610303752914,22.10772668782824,22.534232189976425,rectangle
4,16.014179324371508,16.014179324371508,64.05671729748603,256.45393943312786,carre
0,11.577255260824732,11.577255260824732,72.74204015228152,421.0765835180626,cercle
0,12.726602858085485,12.726602858085485,79.96360408823244,508.83251616605764,cercle
3,15.301221892701745,15.301221892701745,45.903665678105234,101.38013434128928,triangle
3,17.738803086706326,17.738803086706326,53.21640926011898,136.25400027552112,triangle
4,9.579990038544775,9.579990038544775,38.3199601541791,91.77620913861712,carre
4,16.13445915721512,16.13445915721512,64.53783662886048,260.3207722958428,carre
4,13.333514799948341,17.822332272330428,62.311694144557535,237.6343311227147,rectangle
4,1.1869852974316464,1.1869852974316464,4.7479411897265855,1.408934096318894,carre
0,16.553758025628937,16.553758025628937,104.0103292052379,860.8809109147574,cercle
4,9.16357375221709,9.16357375221709,36.65429500886836,83.971083912322,carre
3,13.735777364321272,13.735777364321272,41.20733209296382,81.69719054042437,triangle
3,8.072846107358501,8.072846107358501,24.218538322075503,28.219803363289195,triangle
4,17.028797094846716,17.028797094846716,68.11518837938686,289.97993049746,carre
3,13.60696082193192,13.60696082193192,40.82088246579576,80.17203450405748,triangle
0,12.271357695289456,12.271357695289456,77.10321437018786,473.08056149657875,cercle
0,2.031557071429214,2.031557071429214,12.764649541900827,12.96605702058215,cercle
0,11.036287345646626,11.036287345646626,69.34303849597887,382.64484913092923,cercle
3,8.014534165818512,8.014534165818512,24.043602497455538,27.81360004613401,triangle
0,12.58700129517134,12.58700129517134,79.08646159927099,497.7306972902712,cercle
4,3.762992784929321,3.762992784929321,15.051971139717285,14.160114699430128,carre
0,16.695491371569528,16.695491371569528,104.90086608198921,875.6857522710108,cercle
3,5.8526643982446265,5.8526643982446265,17.55799319473388,14.832278768380466,triangle
0,13.06752061313955,13.06752061313955,82.1056535177448,536.458659899212,cercle
3,2.6296853646368037,2.6296853646368037,7.889056093910411,2.9943889723526507,triangle
4,9.109677186370707,5.361780173680147,28.942914720101708,48.844086526508804,rectangle
4,16.787898048680752,13.931005703722166,61.43780750480583,233.87230346967777,rectangle
4,7.986021597562511,7.986021597562511,31.944086390250042,63.77654095673488,carre
4,11.260688498221011,8.14567436523468,38.81272572691138,91.7259016348519,rectangle
3,12.90096033129915,12.90096033129915,38.70288099389745,72.06837268100855,triangle
4,15.06281938384386,15.06281938384386,60.25127753537544,226.88852779030236,carre
4,19.30337601867653,10.838375485465958,60.28350300828498,209.21723742755518,rectangle
4,13.181503145189412,1.9274510847690585,30.21790845991694,25.406702536082086,rectangle
3,1.8564159555389497,1.8564159555389497,5.569247866616849,1.4922831008708206,triangle
4,11.715849649830128,15.819862546222025,55.071424392104305,185.34313107251606,rectangle
3,17.660191002987737,17.660191002987737,52.98057300896321,135.04901742739725,triangle
3,8.35508806772285,8.35508806772285,25.06526420316855,30.227532723500413,triangle
0,10.761006793609994,10.761006793609994,67.61339977607003,363.79412716467897,cercle
4,4.992593850369337,2.6405782917484975,15.266344284235668,13.183334940802318,rectangle
3,17.72458710445908,17.72458710445908,53.17376131337724,136.0356982532096,triangle
3,3.4162917271762843,3.4162917271762843,10.248875181528852,5.053712532928543,triangle
4,6.917155618964984,6.917155618964984,27.668622475859937,47.847041856978855,carre
4,4.468677000347833,11.193537705860228,31.324429412416123,50.02030449870385,rectangle
3,16.789982764698962,16.789982764698962,50.369948294096886,122.06780540458162,triangle
4,5.903083955495395,5.903083955495395,23.61233582198158,34.84640018562716,carre
0,9.004176911928088,9.004176911928088,56.57491207627222,254.70525855576594,cercle
4,17.476485826312768,18.09964248963931,71.15225663190415,316.3181454315098,rectangle
3,19.3847177915781,19.3847177915781,58.15415337473431,162.71200686654007,triangle
3,6.535065566852163,6.535065566852163,19.60519670055649,18.49270895075568,triangle
0,17.692161137150205,17.692161137150205,111.16312690919584,983.3579768934854,cercle
0,8.983290001815341,8.983290001815341,56.44367574953943,253.5249540132723,cercle
4,8.710649827381555,8.710649827381555,34.84259930952622,75.87542041526233,carre
0,2.1660755359494193,2.1660755359494193,13.609853981718539,14.73998587882216,cercle
4,12.898142171837245,12.898142171837245,51.59256868734898,166.3620714849264,carre
0,7.011230908862899,7.011230908862899,44.052863031810745,154.4323974562676,cercle
3,8.251982679972429,8.251982679972429,24.755948039917286,29.48609439731622,triangle
4,2.8501150459618914,2.8501150459618914,11.400460183847565,8.123155775218354,carre
0,13.967201328802009,13.967201328802009,87.75851417154797,612.8704178752674,cercle
3,14.69907097942001,14.69907097942001,44.09721293826003,93.55788816089718,triangle
4,15.954648926622971,15.954648926622971,63.818595706491884,254.55082237179153,carre
4,5.923511900733228,3.8541830635750705,19.5553899286166,22.830299244691382,rectangle
0,6.517571302414598,6.517571302414598,40.95110824582672,133.450883952537,cercle
3,11.006035736781854,11.006035736781854,33.01810721034556,52.45205081888263,triangle
4,1.044485445123048,1.044485445123048,4.177941780492192,1.090949845073892,carre
4,16.33374657517968,13.80569138091458,60.278875912188525,225.49866431100116,rectangle
0,9.78708104242617,9.78708104242617,61.49404380594798,300.92359517765897,cercle
4,10.678865666646669,16.214741105514832,53.787213544323,173.1550420852468,rectangle
3,2.5973453047431345,2.5973453047431345,7.792035914229404,2.9211914292255545,triangle
4,3.709288572251154,3.709288572251154,14.837154289004616,13.758821712233004,carre
4,12.228239003757071,12.228239003757071,48.912956015028286,149.52982913300573,carre
0,12.344086021256029,12.344086021256029,77.5601799193168,478.7047663740706,cercle
4,14.762230496556962,14.762230496556962,59.048921986227846,217.9234492334764,carre
0,9.013449388517408,9.013449388517408,56.6331727649394,255.2301182139719,cercle
4,7.18349370144072,7.18349370144072,28.73397480576288,51.6025817586385,carre
0,18.834277435217405,18.834277435217405,118.33925525230202,1114.4171824494324,cercle
0,3.4593130492612345,3.4593130492612345,21.7355049240528,37.59495790802883,cercle
4,18.03312978905934,1.2678585848713078,38.6019767478613,22.8634584151574,rectangle
4,1.7393670879430982,1.7393670879430982,6.957468351772393,3.0253978666196537,carre
4,6.635467772092035,3.3544002977094345,19.979736139602938,22.25801507014688,rectangle
4,4.826477225756627,4.826477225756627,19.30590890302651,23.29488241074739,carre
4,3.063407019803284,3.063407019803284,12.253628079213136,9.38446256898004,carre
4,12.622435261762725,12.622435261762725,50.4897410470509,159.325871937391,carre
3,5.042030413105411,5.042030413105411,15.126091239316231,11.00807951573426,triangle
4,15.087988116194866,15.087988116194866,60.351952464779465,227.64738539443752,carre
4,5.52913985522288,5.52913985522288,22.11655942089152,30.57138753861409,carre
